t_seconds,normalized_ch1
0.000000000000000000e+00,0.000000000000000000e+00
1.000000000000000062e-09,0.000000000000000000e+00
2.000000000000000125e-09,0.000000000000000000e+00
2.999999999999999980e-09,0.000000000000000000e+00
4.000000000000000249e-09,0.000000000000000000e+00
5.000000000000000105e-09,0.000000000000000000e+00
5.999999999999999960e-09,0.000000000000000000e+00
6.999999999999999816e-09,0.000000000000000000e+00
8.000000000000000498e-09,0.000000000000000000e+00
8.999999999999999527e-09,0.000000000000000000e+00
1.000000000000000021e-08,0.000000000000000000e+00
1.099999999999999924e-08,0.000000000000000000e+00
1.199999999999999992e-08,0.000000000000000000e+00
1.300000000000000060e-08,0.000000000000000000e+00
1.399999999999999963e-08,0.000000000000000000e+00
1.499999999999999866e-08,0.000000000000000000e+00
1.600000000000000100e-08,0.000000000000000000e+00
1.700000000000000002e-08,0.000000000000000000e+00
1.799999999999999905e-08,0.000000000000000000e+00
1.900000000000000139e-08,0.000000000000000000e+00
2.000000000000000042e-08,0.000000000000000000e+00
2.099999999999999945e-08,0.000000000000000000e+00
2.199999999999999848e-08,0.000000000000000000e+00
2.300000000000000081e-08,0.000000000000000000e+00
2.399999999999999984e-08,0.000000000000000000e+00
2.499999999999999887e-08,0.000000000000000000e+00
2.600000000000000121e-08,0.000000000000000000e+00
2.700000000000000023e-08,0.000000000000000000e+00
2.799999999999999926e-08,0.000000000000000000e+00
2.900000000000000160e-08,0.000000000000000000e+00
2.999999999999999732e-08,0.000000000000000000e+00
3.099999999999999966e-08,0.000000000000000000e+00
3.200000000000000199e-08,0.000000000000000000e+00
3.299999999999999771e-08,0.000000000000000000e+00
3.400000000000000005e-08,0.000000000000000000e+00
3.500000000000000239e-08,0.000000000000000000e+00
3.599999999999999811e-08,0.000000000000000000e+00
3.700000000000000044e-08,0.000000000000000000e+00
3.800000000000000278e-08,0.000000000000000000e+00
3.899999999999999850e-08,0.000000000000000000e+00
4.000000000000000084e-08,0.000000000000000000e+00
4.100000000000000317e-08,0.000000000000000000e+00
4.199999999999999889e-08,0.000000000000000000e+00
4.300000000000000123e-08,0.000000000000000000e+00
4.399999999999999695e-08,0.000000000000000000e+00
4.499999999999999929e-08,0.000000000000000000e+00
4.600000000000000162e-08,0.000000000000000000e+00
4.699999999999999734e-08,0.000000000000000000e+00
4.799999999999999968e-08,0.000000000000000000e+00
4.900000000000000202e-08,0.000000000000000000e+00
4.999999999999999774e-08,0.000000000000000000e+00
5.100000000000000007e-08,0.000000000000000000e+00
5.200000000000000241e-08,0.000000000000000000e+00
5.299999999999999813e-08,0.000000000000000000e+00
5.400000000000000047e-08,0.000000000000000000e+00
5.500000000000000281e-08,0.000000000000000000e+00
5.599999999999999852e-08,0.000000000000000000e+00
5.700000000000000086e-08,0.000000000000000000e+00
5.800000000000000320e-08,0.000000000000000000e+00
5.899999999999999892e-08,0.000000000000000000e+00
5.999999999999999464e-08,0.000000000000000000e+00
6.100000000000000359e-08,0.000000000000000000e+00
6.199999999999999931e-08,0.000000000000000000e+00
6.299999999999999503e-08,0.000000000000000000e+00
6.400000000000000399e-08,0.000000000000000000e+00
6.499999999999999971e-08,0.000000000000000000e+00
6.599999999999999543e-08,0.000000000000000000e+00
6.700000000000000438e-08,0.000000000000000000e+00
6.800000000000000010e-08,0.000000000000000000e+00
6.899999999999999582e-08,0.000000000000000000e+00
7.000000000000000477e-08,0.000000000000000000e+00
7.100000000000000049e-08,0.000000000000000000e+00
7.199999999999999621e-08,0.000000000000000000e+00
7.300000000000000517e-08,0.000000000000000000e+00
7.400000000000000089e-08,0.000000000000000000e+00
7.499999999999999661e-08,0.000000000000000000e+00
7.600000000000000556e-08,0.000000000000000000e+00
7.700000000000000128e-08,0.000000000000000000e+00
7.799999999999999700e-08,0.000000000000000000e+00
7.900000000000000595e-08,0.000000000000000000e+00
8.000000000000000167e-08,0.000000000000000000e+00
8.099999999999999739e-08,0.000000000000000000e+00
8.200000000000000635e-08,0.000000000000000000e+00
8.300000000000000207e-08,0.000000000000000000e+00
8.399999999999999779e-08,0.000000000000000000e+00
8.499999999999999351e-08,0.000000000000000000e+00
8.600000000000000246e-08,0.000000000000000000e+00
8.699999999999999818e-08,0.000000000000000000e+00
8.799999999999999390e-08,0.000000000000000000e+00
8.900000000000000285e-08,0.000000000000000000e+00
8.999999999999999857e-08,0.000000000000000000e+00
9.099999999999999429e-08,0.000000000000000000e+00
9.200000000000000325e-08,0.000000000000000000e+00
9.299999999999999897e-08,0.000000000000000000e+00
9.399999999999999469e-08,0.000000000000000000e+00
9.500000000000000364e-08,0.000000000000000000e+00
9.599999999999999936e-08,0.000000000000000000e+00
9.699999999999999508e-08,0.000000000000000000e+00
9.800000000000000404e-08,0.000000000000000000e+00
9.899999999999999976e-08,0.000000000000000000e+00
9.999999999999999547e-08,0.000000000000000000e+00
1.010000000000000044e-07,0.000000000000000000e+00
1.020000000000000001e-07,0.000000000000000000e+00
1.029999999999999959e-07,0.000000000000000000e+00
1.040000000000000048e-07,0.000000000000000000e+00
1.050000000000000005e-07,0.000000000000000000e+00
1.059999999999999963e-07,0.000000000000000000e+00
1.070000000000000052e-07,0.000000000000000000e+00
1.080000000000000009e-07,0.000000000000000000e+00
1.089999999999999967e-07,0.000000000000000000e+00
1.100000000000000056e-07,0.000000000000000000e+00
1.110000000000000013e-07,0.000000000000000000e+00
1.119999999999999970e-07,0.000000000000000000e+00
1.130000000000000060e-07,0.000000000000000000e+00
1.140000000000000017e-07,0.000000000000000000e+00
1.149999999999999974e-07,0.000000000000000000e+00
1.160000000000000064e-07,0.000000000000000000e+00
1.170000000000000021e-07,0.000000000000000000e+00
1.179999999999999978e-07,0.000000000000000000e+00
1.189999999999999936e-07,0.000000000000000000e+00
1.199999999999999893e-07,0.000000000000000000e+00
1.210000000000000115e-07,0.000000000000000000e+00
1.220000000000000072e-07,0.000000000000000000e+00
1.230000000000000029e-07,0.000000000000000000e+00
1.239999999999999986e-07,0.000000000000000000e+00
1.249999999999999943e-07,0.000000000000000000e+00
1.259999999999999901e-07,0.000000000000000000e+00
1.270000000000000123e-07,0.000000000000000000e+00
1.280000000000000080e-07,0.000000000000000000e+00
1.290000000000000037e-07,0.000000000000000000e+00
1.299999999999999994e-07,0.000000000000000000e+00
1.309999999999999951e-07,0.000000000000000000e+00
1.319999999999999909e-07,0.000000000000000000e+00
1.330000000000000130e-07,0.000000000000000000e+00
1.340000000000000088e-07,0.000000000000000000e+00
1.350000000000000045e-07,0.000000000000000000e+00
1.360000000000000002e-07,0.000000000000000000e+00
1.369999999999999959e-07,0.000000000000000000e+00
1.379999999999999916e-07,0.000000000000000000e+00
1.389999999999999874e-07,0.000000000000000000e+00
1.400000000000000095e-07,0.000000000000000000e+00
1.410000000000000053e-07,0.000000000000000000e+00
1.420000000000000010e-07,0.000000000000000000e+00
1.429999999999999967e-07,0.000000000000000000e+00
1.439999999999999924e-07,0.000000000000000000e+00
1.449999999999999881e-07,0.000000000000000000e+00
1.460000000000000103e-07,0.000000000000000000e+00
1.470000000000000061e-07,0.000000000000000000e+00
1.480000000000000018e-07,0.000000000000000000e+00
1.489999999999999975e-07,0.000000000000000000e+00
1.499999999999999932e-07,0.000000000000000000e+00
1.509999999999999889e-07,0.000000000000000000e+00
1.520000000000000111e-07,0.000000000000000000e+00
1.530000000000000068e-07,0.000000000000000000e+00
1.540000000000000026e-07,0.000000000000000000e+00
1.549999999999999983e-07,0.000000000000000000e+00
1.559999999999999940e-07,0.000000000000000000e+00
1.569999999999999897e-07,0.000000000000000000e+00
1.580000000000000119e-07,0.000000000000000000e+00
1.590000000000000076e-07,0.000000000000000000e+00
1.600000000000000033e-07,0.000000000000000000e+00
1.609999999999999991e-07,0.000000000000000000e+00
1.619999999999999948e-07,0.000000000000000000e+00
1.629999999999999905e-07,0.000000000000000000e+00
1.640000000000000127e-07,0.000000000000000000e+00
1.650000000000000084e-07,0.000000000000000000e+00
1.660000000000000041e-07,0.000000000000000000e+00
1.669999999999999999e-07,0.000000000000000000e+00
1.679999999999999956e-07,0.000000000000000000e+00
1.689999999999999913e-07,0.000000000000000000e+00
1.699999999999999870e-07,0.000000000000000000e+00
1.710000000000000092e-07,0.000000000000000000e+00
1.720000000000000049e-07,0.000000000000000000e+00
1.730000000000000006e-07,0.000000000000000000e+00
1.739999999999999964e-07,0.000000000000000000e+00
1.749999999999999921e-07,0.000000000000000000e+00
1.759999999999999878e-07,0.000000000000000000e+00
1.770000000000000100e-07,0.000000000000000000e+00
1.780000000000000057e-07,0.000000000000000000e+00
1.790000000000000014e-07,0.000000000000000000e+00
1.799999999999999971e-07,0.000000000000000000e+00
1.809999999999999929e-07,0.000000000000000000e+00
1.819999999999999886e-07,0.000000000000000000e+00
1.830000000000000108e-07,0.000000000000000000e+00
1.840000000000000065e-07,0.000000000000000000e+00
1.850000000000000022e-07,0.000000000000000000e+00
1.859999999999999979e-07,0.000000000000000000e+00
1.869999999999999937e-07,0.000000000000000000e+00
1.879999999999999894e-07,0.000000000000000000e+00
1.890000000000000116e-07,0.000000000000000000e+00
1.900000000000000073e-07,0.000000000000000000e+00
1.910000000000000030e-07,0.000000000000000000e+00
1.919999999999999987e-07,0.000000000000000000e+00
1.929999999999999944e-07,0.000000000000000000e+00
1.939999999999999902e-07,0.000000000000000000e+00
1.950000000000000124e-07,0.000000000000000000e+00
1.960000000000000081e-07,0.000000000000000000e+00
1.970000000000000038e-07,0.000000000000000000e+00
1.979999999999999995e-07,0.000000000000000000e+00
1.989999999999999952e-07,0.000000000000000000e+00
1.999999999999999909e-07,0.000000000000000000e+00
2.010000000000000131e-07,0.000000000000000000e+00
2.020000000000000089e-07,0.000000000000000000e+00
2.030000000000000046e-07,0.000000000000000000e+00
2.040000000000000003e-07,0.000000000000000000e+00
2.049999999999999960e-07,0.000000000000000000e+00
2.059999999999999917e-07,0.000000000000000000e+00
2.069999999999999875e-07,0.000000000000000000e+00
2.080000000000000096e-07,0.000000000000000000e+00
2.090000000000000054e-07,0.000000000000000000e+00
2.100000000000000011e-07,0.000000000000000000e+00
2.109999999999999968e-07,0.000000000000000000e+00
2.119999999999999925e-07,0.000000000000000000e+00
2.129999999999999882e-07,0.000000000000000000e+00
2.140000000000000104e-07,0.000000000000000000e+00
2.150000000000000062e-07,0.000000000000000000e+00
2.160000000000000019e-07,0.000000000000000000e+00
2.169999999999999976e-07,0.000000000000000000e+00
2.179999999999999933e-07,0.000000000000000000e+00
2.189999999999999890e-07,0.000000000000000000e+00
2.200000000000000112e-07,0.000000000000000000e+00
2.210000000000000069e-07,0.000000000000000000e+00
2.220000000000000027e-07,0.000000000000000000e+00
2.229999999999999984e-07,0.000000000000000000e+00
2.239999999999999941e-07,0.000000000000000000e+00
2.249999999999999898e-07,0.000000000000000000e+00
2.260000000000000120e-07,0.000000000000000000e+00
2.270000000000000077e-07,0.000000000000000000e+00
2.280000000000000034e-07,0.000000000000000000e+00
2.289999999999999992e-07,0.000000000000000000e+00
2.299999999999999949e-07,0.000000000000000000e+00
2.309999999999999906e-07,0.000000000000000000e+00
2.320000000000000128e-07,0.000000000000000000e+00
2.330000000000000085e-07,0.000000000000000000e+00
2.340000000000000042e-07,0.000000000000000000e+00
2.350000000000000000e-07,0.000000000000000000e+00
2.359999999999999957e-07,0.000000000000000000e+00
2.369999999999999914e-07,0.000000000000000000e+00
2.379999999999999871e-07,0.000000000000000000e+00
2.390000000000000093e-07,0.000000000000000000e+00
2.399999999999999786e-07,0.000000000000000000e+00
2.410000000000000007e-07,0.000000000000000000e+00
2.420000000000000229e-07,0.000000000000000000e+00
2.429999999999999922e-07,0.000000000000000000e+00
2.440000000000000144e-07,0.000000000000000000e+00
2.449999999999999836e-07,0.000000000000000000e+00
2.460000000000000058e-07,0.000000000000000000e+00
2.469999999999999751e-07,0.000000000000000000e+00
2.479999999999999972e-07,0.000000000000000000e+00
2.490000000000000194e-07,0.000000000000000000e+00
2.499999999999999887e-07,0.000000000000000000e+00
2.510000000000000109e-07,0.000000000000000000e+00
2.519999999999999801e-07,0.000000000000000000e+00
2.530000000000000023e-07,0.000000000000000000e+00
2.540000000000000245e-07,0.000000000000000000e+00
2.549999999999999938e-07,0.000000000000000000e+00
2.560000000000000159e-07,0.000000000000000000e+00
2.569999999999999852e-07,0.000000000000000000e+00
2.580000000000000074e-07,0.000000000000000000e+00
2.589999999999999766e-07,0.000000000000000000e+00
2.599999999999999988e-07,0.000000000000000000e+00
2.610000000000000210e-07,0.000000000000000000e+00
2.619999999999999903e-07,0.000000000000000000e+00
2.630000000000000125e-07,0.000000000000000000e+00
2.639999999999999817e-07,0.000000000000000000e+00
2.650000000000000039e-07,0.000000000000000000e+00
2.660000000000000261e-07,0.000000000000000000e+00
2.669999999999999953e-07,0.000000000000000000e+00
2.680000000000000175e-07,0.000000000000000000e+00
2.689999999999999868e-07,0.000000000000000000e+00
2.700000000000000090e-07,0.000000000000000000e+00
2.709999999999999782e-07,0.000000000000000000e+00
2.720000000000000004e-07,0.000000000000000000e+00
2.730000000000000226e-07,0.000000000000000000e+00
2.739999999999999918e-07,0.000000000000000000e+00
2.750000000000000140e-07,0.000000000000000000e+00
2.759999999999999833e-07,0.000000000000000000e+00
2.770000000000000055e-07,0.000000000000000000e+00
2.779999999999999747e-07,0.000000000000000000e+00
2.789999999999999969e-07,0.000000000000000000e+00
2.800000000000000191e-07,0.000000000000000000e+00
2.809999999999999883e-07,0.000000000000000000e+00
2.820000000000000105e-07,0.000000000000000000e+00
2.829999999999999798e-07,0.000000000000000000e+00
2.840000000000000020e-07,0.000000000000000000e+00
2.850000000000000242e-07,0.000000000000000000e+00
2.859999999999999934e-07,0.000000000000000000e+00
2.870000000000000156e-07,0.000000000000000000e+00
2.879999999999999848e-07,0.000000000000000000e+00
2.890000000000000070e-07,0.000000000000000000e+00
2.899999999999999763e-07,0.000000000000000000e+00
2.909999999999999985e-07,0.000000000000000000e+00
2.920000000000000207e-07,0.000000000000000000e+00
2.929999999999999899e-07,0.000000000000000000e+00
2.940000000000000121e-07,0.000000000000000000e+00
2.949999999999999814e-07,0.000000000000000000e+00
2.960000000000000035e-07,0.000000000000000000e+00
2.970000000000000257e-07,0.000000000000000000e+00
2.979999999999999950e-07,0.000000000000000000e+00
2.990000000000000172e-07,0.000000000000000000e+00
2.999999999999999864e-07,0.000000000000000000e+00
3.010000000000000086e-07,0.000000000000000000e+00
3.019999999999999779e-07,0.000000000000000000e+00
3.030000000000000001e-07,0.000000000000000000e+00
3.040000000000000222e-07,0.000000000000000000e+00
3.049999999999999915e-07,0.000000000000000000e+00
3.060000000000000137e-07,0.000000000000000000e+00
3.069999999999999829e-07,0.000000000000000000e+00
3.080000000000000051e-07,0.000000000000000000e+00
3.089999999999999744e-07,0.000000000000000000e+00
3.099999999999999966e-07,0.000000000000000000e+00
3.110000000000000187e-07,0.000000000000000000e+00
3.119999999999999880e-07,0.000000000000000000e+00
3.130000000000000102e-07,0.000000000000000000e+00
3.139999999999999794e-07,0.000000000000000000e+00
3.150000000000000016e-07,0.000000000000000000e+00
3.160000000000000238e-07,0.000000000000000000e+00
3.169999999999999931e-07,0.000000000000000000e+00
3.180000000000000153e-07,0.000000000000000000e+00
3.189999999999999845e-07,0.000000000000000000e+00
3.200000000000000067e-07,0.000000000000000000e+00
3.209999999999999759e-07,0.000000000000000000e+00
3.219999999999999981e-07,0.000000000000000000e+00
3.230000000000000203e-07,0.000000000000000000e+00
3.239999999999999896e-07,0.000000000000000000e+00
3.250000000000000118e-07,0.000000000000000000e+00
3.259999999999999810e-07,0.000000000000000000e+00
3.270000000000000032e-07,0.000000000000000000e+00
3.280000000000000254e-07,0.000000000000000000e+00
3.289999999999999946e-07,0.000000000000000000e+00
3.300000000000000168e-07,0.000000000000000000e+00
3.309999999999999861e-07,0.000000000000000000e+00
3.320000000000000083e-07,0.000000000000000000e+00
3.329999999999999775e-07,0.000000000000000000e+00
3.339999999999999997e-07,0.000000000000000000e+00
3.350000000000000219e-07,0.000000000000000000e+00
3.359999999999999911e-07,0.000000000000000000e+00
3.370000000000000133e-07,0.000000000000000000e+00
3.379999999999999826e-07,0.000000000000000000e+00
3.390000000000000048e-07,0.000000000000000000e+00
3.399999999999999740e-07,0.000000000000000000e+00
3.409999999999999962e-07,0.000000000000000000e+00
3.420000000000000184e-07,0.000000000000000000e+00
3.429999999999999877e-07,0.000000000000000000e+00
3.440000000000000098e-07,0.000000000000000000e+00
3.449999999999999791e-07,0.000000000000000000e+00
3.460000000000000013e-07,0.000000000000000000e+00
3.470000000000000235e-07,0.000000000000000000e+00
3.479999999999999927e-07,0.000000000000000000e+00
3.490000000000000149e-07,0.000000000000000000e+00
3.499999999999999842e-07,0.000000000000000000e+00
3.510000000000000064e-07,0.000000000000000000e+00
3.519999999999999756e-07,0.000000000000000000e+00
3.529999999999999978e-07,0.000000000000000000e+00
3.540000000000000200e-07,0.000000000000000000e+00
3.549999999999999892e-07,0.000000000000000000e+00
3.560000000000000114e-07,0.000000000000000000e+00
3.569999999999999807e-07,0.000000000000000000e+00
3.580000000000000029e-07,0.000000000000000000e+00
3.590000000000000250e-07,0.000000000000000000e+00
3.599999999999999943e-07,0.000000000000000000e+00
3.610000000000000165e-07,0.000000000000000000e+00
3.619999999999999857e-07,0.000000000000000000e+00
3.630000000000000079e-07,0.000000000000000000e+00
3.639999999999999772e-07,0.000000000000000000e+00
3.649999999999999994e-07,0.000000000000000000e+00
3.660000000000000216e-07,0.000000000000000000e+00
3.669999999999999908e-07,0.000000000000000000e+00
3.680000000000000130e-07,0.000000000000000000e+00
3.689999999999999822e-07,0.000000000000000000e+00
3.700000000000000044e-07,0.000000000000000000e+00
3.709999999999999737e-07,0.000000000000000000e+00
3.719999999999999959e-07,0.000000000000000000e+00
3.730000000000000181e-07,0.000000000000000000e+00
3.739999999999999873e-07,0.000000000000000000e+00
3.750000000000000095e-07,0.000000000000000000e+00
3.759999999999999788e-07,0.000000000000000000e+00
3.770000000000000009e-07,0.000000000000000000e+00
3.780000000000000231e-07,0.000000000000000000e+00
3.789999999999999924e-07,0.000000000000000000e+00
3.800000000000000146e-07,0.000000000000000000e+00
3.809999999999999838e-07,0.000000000000000000e+00
3.820000000000000060e-07,0.000000000000000000e+00
3.829999999999999753e-07,0.000000000000000000e+00
3.839999999999999974e-07,0.000000000000000000e+00
3.850000000000000196e-07,0.000000000000000000e+00
3.859999999999999889e-07,0.000000000000000000e+00
3.870000000000000111e-07,0.000000000000000000e+00
3.879999999999999803e-07,0.000000000000000000e+00
3.890000000000000025e-07,0.000000000000000000e+00
3.900000000000000247e-07,0.000000000000000000e+00
3.909999999999999940e-07,0.000000000000000000e+00
3.920000000000000161e-07,0.000000000000000000e+00
3.929999999999999854e-07,0.000000000000000000e+00
3.940000000000000076e-07,0.000000000000000000e+00
3.949999999999999768e-07,0.000000000000000000e+00
3.959999999999999990e-07,0.000000000000000000e+00
3.970000000000000212e-07,0.000000000000000000e+00
3.979999999999999905e-07,0.000000000000000000e+00
3.990000000000000126e-07,0.000000000000000000e+00
3.999999999999999819e-07,0.000000000000000000e+00
4.010000000000000041e-07,0.000000000000000000e+00
4.020000000000000263e-07,0.000000000000000000e+00
4.029999999999999955e-07,0.000000000000000000e+00
4.040000000000000177e-07,0.000000000000000000e+00
4.049999999999999870e-07,0.000000000000000000e+00
4.060000000000000092e-07,0.000000000000000000e+00
4.069999999999999784e-07,0.000000000000000000e+00
4.080000000000000006e-07,0.000000000000000000e+00
4.090000000000000228e-07,0.000000000000000000e+00
4.099999999999999920e-07,0.000000000000000000e+00
4.110000000000000142e-07,0.000000000000000000e+00
4.119999999999999835e-07,0.000000000000000000e+00
4.130000000000000057e-07,0.000000000000000000e+00
4.139999999999999749e-07,0.000000000000000000e+00
4.149999999999999971e-07,0.000000000000000000e+00
4.160000000000000193e-07,0.000000000000000000e+00
4.169999999999999885e-07,0.000000000000000000e+00
4.180000000000000107e-07,0.000000000000000000e+00
4.189999999999999800e-07,0.000000000000000000e+00
4.200000000000000022e-07,0.000000000000000000e+00
4.210000000000000244e-07,0.000000000000000000e+00
4.219999999999999936e-07,0.000000000000000000e+00
4.230000000000000158e-07,0.000000000000000000e+00
4.239999999999999850e-07,0.000000000000000000e+00
4.250000000000000072e-07,0.000000000000000000e+00
4.259999999999999765e-07,0.000000000000000000e+00
4.269999999999999987e-07,0.000000000000000000e+00
4.280000000000000209e-07,0.000000000000000000e+00
4.289999999999999901e-07,0.000000000000000000e+00
4.300000000000000123e-07,0.000000000000000000e+00
4.309999999999999816e-07,0.000000000000000000e+00
4.320000000000000037e-07,0.000000000000000000e+00
4.330000000000000259e-07,0.000000000000000000e+00
4.339999999999999952e-07,0.000000000000000000e+00
4.350000000000000174e-07,0.000000000000000000e+00
4.359999999999999866e-07,0.000000000000000000e+00
4.370000000000000088e-07,0.000000000000000000e+00
4.379999999999999781e-07,0.000000000000000000e+00
4.390000000000000003e-07,0.000000000000000000e+00
4.400000000000000224e-07,0.000000000000000000e+00
4.409999999999999917e-07,0.000000000000000000e+00
4.420000000000000139e-07,0.000000000000000000e+00
4.429999999999999831e-07,0.000000000000000000e+00
4.440000000000000053e-07,0.000000000000000000e+00
4.449999999999999746e-07,0.000000000000000000e+00
4.459999999999999968e-07,0.000000000000000000e+00
4.470000000000000189e-07,0.000000000000000000e+00
4.479999999999999882e-07,0.000000000000000000e+00
4.490000000000000104e-07,0.000000000000000000e+00
4.499999999999999796e-07,0.000000000000000000e+00
4.510000000000000018e-07,0.000000000000000000e+00
4.520000000000000240e-07,0.000000000000000000e+00
4.529999999999999933e-07,0.000000000000000000e+00
4.540000000000000155e-07,0.000000000000000000e+00
4.549999999999999847e-07,0.000000000000000000e+00
4.560000000000000069e-07,0.000000000000000000e+00
4.569999999999999761e-07,0.000000000000000000e+00
4.579999999999999983e-07,0.000000000000000000e+00
4.590000000000000205e-07,0.000000000000000000e+00
4.599999999999999898e-07,0.000000000000000000e+00
4.610000000000000120e-07,0.000000000000000000e+00
4.619999999999999812e-07,0.000000000000000000e+00
4.630000000000000034e-07,0.000000000000000000e+00
4.640000000000000256e-07,0.000000000000000000e+00
4.649999999999999948e-07,0.000000000000000000e+00
4.660000000000000170e-07,0.000000000000000000e+00
4.669999999999999863e-07,0.000000000000000000e+00
4.680000000000000085e-07,0.000000000000000000e+00
4.689999999999999777e-07,0.000000000000000000e+00
4.699999999999999999e-07,0.000000000000000000e+00
4.710000000000000221e-07,0.000000000000000000e+00
4.719999999999999913e-07,0.000000000000000000e+00
4.730000000000000135e-07,0.000000000000000000e+00
4.739999999999999828e-07,0.000000000000000000e+00
4.750000000000000050e-07,0.000000000000000000e+00
4.759999999999999742e-07,0.000000000000000000e+00
4.770000000000000494e-07,0.000000000000000000e+00
4.780000000000000186e-07,0.000000000000000000e+00
4.789999999999999879e-07,0.000000000000000000e+00
4.799999999999999571e-07,0.000000000000000000e+00
4.810000000000000322e-07,0.000000000000000000e+00
4.820000000000000015e-07,0.000000000000000000e+00
4.829999999999999707e-07,0.000000000000000000e+00
4.840000000000000459e-07,0.000000000000000000e+00
4.850000000000000151e-07,0.000000000000000000e+00
4.859999999999999844e-07,0.000000000000000000e+00
4.869999999999999536e-07,0.000000000000000000e+00
4.880000000000000287e-07,0.000000000000000000e+00
4.889999999999999980e-07,0.000000000000000000e+00
4.899999999999999672e-07,0.000000000000000000e+00
4.910000000000000424e-07,0.000000000000000000e+00
4.920000000000000116e-07,0.000000000000000000e+00
4.929999999999999809e-07,0.000000000000000000e+00
4.939999999999999501e-07,0.000000000000000000e+00
4.950000000000000252e-07,0.000000000000000000e+00
4.959999999999999945e-07,0.000000000000000000e+00
4.969999999999999637e-07,0.000000000000000000e+00
4.980000000000000389e-07,0.000000000000000000e+00
4.990000000000000081e-07,0.000000000000000000e+00
4.999999999999999774e-07,0.000000000000000000e+00
5.010000000000000525e-07,0.000000000000000000e+00
5.020000000000000218e-07,0.000000000000000000e+00
5.029999999999999910e-07,0.000000000000000000e+00
5.039999999999999603e-07,0.000000000000000000e+00
5.050000000000000354e-07,0.000000000000000000e+00
5.060000000000000046e-07,0.000000000000000000e+00
5.069999999999999739e-07,0.000000000000000000e+00
5.080000000000000490e-07,0.000000000000000000e+00
5.090000000000000183e-07,0.000000000000000000e+00
5.099999999999999875e-07,0.000000000000000000e+00
5.109999999999999568e-07,0.000000000000000000e+00
5.120000000000000319e-07,0.000000000000000000e+00
5.130000000000000011e-07,0.000000000000000000e+00
5.139999999999999704e-07,0.000000000000000000e+00
5.150000000000000455e-07,0.000000000000000000e+00
5.160000000000000148e-07,0.000000000000000000e+00
5.169999999999999840e-07,0.000000000000000000e+00
5.179999999999999533e-07,0.000000000000000000e+00
5.190000000000000284e-07,0.000000000000000000e+00
5.199999999999999976e-07,0.000000000000000000e+00
5.209999999999999669e-07,0.000000000000000000e+00
5.220000000000000420e-07,0.000000000000000000e+00
5.230000000000000113e-07,0.000000000000000000e+00
5.239999999999999805e-07,0.000000000000000000e+00
5.249999999999999498e-07,0.000000000000000000e+00
5.260000000000000249e-07,0.000000000000000000e+00
5.269999999999999942e-07,0.000000000000000000e+00
5.279999999999999634e-07,0.000000000000000000e+00
5.290000000000000385e-07,0.000000000000000000e+00
5.300000000000000078e-07,0.000000000000000000e+00
5.309999999999999770e-07,0.000000000000000000e+00
5.320000000000000522e-07,0.000000000000000000e+00
5.330000000000000214e-07,0.000000000000000000e+00
5.339999999999999907e-07,0.000000000000000000e+00
5.349999999999999599e-07,0.000000000000000000e+00
5.360000000000000350e-07,0.000000000000000000e+00
5.370000000000000043e-07,0.000000000000000000e+00
5.379999999999999735e-07,0.000000000000000000e+00
5.390000000000000487e-07,0.000000000000000000e+00
5.400000000000000179e-07,0.000000000000000000e+00
5.409999999999999872e-07,0.000000000000000000e+00
5.419999999999999564e-07,0.000000000000000000e+00
5.430000000000000315e-07,0.000000000000000000e+00
5.440000000000000008e-07,0.000000000000000000e+00
5.449999999999999700e-07,0.000000000000000000e+00
5.460000000000000452e-07,0.000000000000000000e+00
5.470000000000000144e-07,0.000000000000000000e+00
5.479999999999999837e-07,0.000000000000000000e+00
5.489999999999999529e-07,0.000000000000000000e+00
5.500000000000000281e-07,0.000000000000000000e+00
5.509999999999999973e-07,0.000000000000000000e+00
5.519999999999999666e-07,0.000000000000000000e+00
5.530000000000000417e-07,0.000000000000000000e+00
5.540000000000000109e-07,0.000000000000000000e+00
5.549999999999999802e-07,0.000000000000000000e+00
5.559999999999999494e-07,0.000000000000000000e+00
5.570000000000000246e-07,0.000000000000000000e+00
5.579999999999999938e-07,0.000000000000000000e+00
5.589999999999999631e-07,0.000000000000000000e+00
5.600000000000000382e-07,0.000000000000000000e+00
5.610000000000000074e-07,0.000000000000000000e+00
5.619999999999999767e-07,0.000000000000000000e+00
5.630000000000000518e-07,0.000000000000000000e+00
5.640000000000000211e-07,0.000000000000000000e+00
5.649999999999999903e-07,0.000000000000000000e+00
5.659999999999999596e-07,0.000000000000000000e+00
5.670000000000000347e-07,0.000000000000000000e+00
5.680000000000000039e-07,0.000000000000000000e+00
5.689999999999999732e-07,0.000000000000000000e+00
5.700000000000000483e-07,0.000000000000000000e+00
5.710000000000000176e-07,0.000000000000000000e+00
5.719999999999999868e-07,0.000000000000000000e+00
5.729999999999999561e-07,0.000000000000000000e+00
5.740000000000000312e-07,0.000000000000000000e+00
5.750000000000000004e-07,0.000000000000000000e+00
5.759999999999999697e-07,0.000000000000000000e+00
5.770000000000000448e-07,0.000000000000000000e+00
5.780000000000000141e-07,0.000000000000000000e+00
5.789999999999999833e-07,0.000000000000000000e+00
5.799999999999999526e-07,0.000000000000000000e+00
5.810000000000000277e-07,0.000000000000000000e+00
5.819999999999999970e-07,0.000000000000000000e+00
5.829999999999999662e-07,0.000000000000000000e+00
5.840000000000000413e-07,0.000000000000000000e+00
5.850000000000000106e-07,0.000000000000000000e+00
5.859999999999999798e-07,0.000000000000000000e+00
5.869999999999999491e-07,0.000000000000000000e+00
5.880000000000000242e-07,0.000000000000000000e+00
5.889999999999999935e-07,0.000000000000000000e+00
5.899999999999999627e-07,0.000000000000000000e+00
5.910000000000000378e-07,0.000000000000000000e+00
5.920000000000000071e-07,0.000000000000000000e+00
5.929999999999999763e-07,0.000000000000000000e+00
5.940000000000000515e-07,0.000000000000000000e+00
5.950000000000000207e-07,0.000000000000000000e+00
5.959999999999999900e-07,0.000000000000000000e+00
5.969999999999999592e-07,0.000000000000000000e+00
5.980000000000000343e-07,0.000000000000000000e+00
5.990000000000000036e-07,0.000000000000000000e+00
5.999999999999999728e-07,0.000000000000000000e+00
6.010000000000000480e-07,0.000000000000000000e+00
6.020000000000000172e-07,0.000000000000000000e+00
6.029999999999999865e-07,0.000000000000000000e+00
6.039999999999999557e-07,0.000000000000000000e+00
6.050000000000000309e-07,0.000000000000000000e+00
6.060000000000000001e-07,0.000000000000000000e+00
6.069999999999999694e-07,0.000000000000000000e+00
6.080000000000000445e-07,0.000000000000000000e+00
6.090000000000000137e-07,0.000000000000000000e+00
6.099999999999999830e-07,0.000000000000000000e+00
6.109999999999999522e-07,0.000000000000000000e+00
6.120000000000000274e-07,0.000000000000000000e+00
6.129999999999999966e-07,0.000000000000000000e+00
6.139999999999999659e-07,0.000000000000000000e+00
6.150000000000000410e-07,0.000000000000000000e+00
6.160000000000000102e-07,0.000000000000000000e+00
6.169999999999999795e-07,0.000000000000000000e+00
6.179999999999999487e-07,0.000000000000000000e+00
6.190000000000000239e-07,0.000000000000000000e+00
6.199999999999999931e-07,0.000000000000000000e+00
6.209999999999999624e-07,0.000000000000000000e+00
6.220000000000000375e-07,0.000000000000000000e+00
6.230000000000000067e-07,0.000000000000000000e+00
6.239999999999999760e-07,0.000000000000000000e+00
6.250000000000000511e-07,0.000000000000000000e+00
6.260000000000000204e-07,0.000000000000000000e+00
6.269999999999999896e-07,0.000000000000000000e+00
6.279999999999999589e-07,0.000000000000000000e+00
6.290000000000000340e-07,0.000000000000000000e+00
6.300000000000000033e-07,0.000000000000000000e+00
6.309999999999999725e-07,0.000000000000000000e+00
6.320000000000000476e-07,0.000000000000000000e+00
6.330000000000000169e-07,0.000000000000000000e+00
6.339999999999999861e-07,0.000000000000000000e+00
6.349999999999999554e-07,0.000000000000000000e+00
6.360000000000000305e-07,0.000000000000000000e+00
6.369999999999999998e-07,0.000000000000000000e+00
6.379999999999999690e-07,0.000000000000000000e+00
6.390000000000000441e-07,0.000000000000000000e+00
6.400000000000000134e-07,0.000000000000000000e+00
6.409999999999999826e-07,0.000000000000000000e+00
6.419999999999999519e-07,0.000000000000000000e+00
6.430000000000000270e-07,0.000000000000000000e+00
6.439999999999999963e-07,0.000000000000000000e+00
6.449999999999999655e-07,0.000000000000000000e+00
6.460000000000000406e-07,0.000000000000000000e+00
6.470000000000000099e-07,0.000000000000000000e+00
6.479999999999999791e-07,0.000000000000000000e+00
6.489999999999999484e-07,0.000000000000000000e+00
6.500000000000000235e-07,0.000000000000000000e+00
6.509999999999999928e-07,0.000000000000000000e+00
6.519999999999999620e-07,0.000000000000000000e+00
6.530000000000000372e-07,0.000000000000000000e+00
6.540000000000000064e-07,0.000000000000000000e+00
6.549999999999999757e-07,0.000000000000000000e+00
6.560000000000000508e-07,0.000000000000000000e+00
6.570000000000000200e-07,0.000000000000000000e+00
6.579999999999999893e-07,0.000000000000000000e+00
6.589999999999999585e-07,0.000000000000000000e+00
6.600000000000000337e-07,0.000000000000000000e+00
6.610000000000000029e-07,0.000000000000000000e+00
6.619999999999999722e-07,0.000000000000000000e+00
6.630000000000000473e-07,0.000000000000000000e+00
6.640000000000000165e-07,0.000000000000000000e+00
6.649999999999999858e-07,0.000000000000000000e+00
6.659999999999999550e-07,0.000000000000000000e+00
6.670000000000000302e-07,0.000000000000000000e+00
6.679999999999999994e-07,0.000000000000000000e+00
6.689999999999999687e-07,0.000000000000000000e+00
6.700000000000000438e-07,0.000000000000000000e+00
6.710000000000000130e-07,0.000000000000000000e+00
6.719999999999999823e-07,0.000000000000000000e+00
6.729999999999999515e-07,0.000000000000000000e+00
6.740000000000000267e-07,0.000000000000000000e+00
6.749999999999999959e-07,0.000000000000000000e+00
6.759999999999999652e-07,0.000000000000000000e+00
6.770000000000000403e-07,0.000000000000000000e+00
6.780000000000000096e-07,0.000000000000000000e+00
6.789999999999999788e-07,0.000000000000000000e+00
6.799999999999999481e-07,0.000000000000000000e+00
6.810000000000000232e-07,0.000000000000000000e+00
6.819999999999999924e-07,0.000000000000000000e+00
6.829999999999999617e-07,0.000000000000000000e+00
6.840000000000000368e-07,0.000000000000000000e+00
6.850000000000000061e-07,0.000000000000000000e+00
6.859999999999999753e-07,0.000000000000000000e+00
6.870000000000000504e-07,0.000000000000000000e+00
6.880000000000000197e-07,0.000000000000000000e+00
6.889999999999999889e-07,0.000000000000000000e+00
6.899999999999999582e-07,0.000000000000000000e+00
6.910000000000000333e-07,0.000000000000000000e+00
6.920000000000000026e-07,0.000000000000000000e+00
6.929999999999999718e-07,0.000000000000000000e+00
6.940000000000000469e-07,0.000000000000000000e+00
6.950000000000000162e-07,0.000000000000000000e+00
6.959999999999999854e-07,0.000000000000000000e+00
6.969999999999999547e-07,0.000000000000000000e+00
6.980000000000000298e-07,0.000000000000000000e+00
6.989999999999999991e-07,0.000000000000000000e+00
6.999999999999999683e-07,0.000000000000000000e+00
7.010000000000000435e-07,0.000000000000000000e+00
7.020000000000000127e-07,0.000000000000000000e+00
7.029999999999999820e-07,0.000000000000000000e+00
7.039999999999999512e-07,0.000000000000000000e+00
7.050000000000000263e-07,0.000000000000000000e+00
7.059999999999999956e-07,0.000000000000000000e+00
7.069999999999999648e-07,0.000000000000000000e+00
7.080000000000000400e-07,0.000000000000000000e+00
7.090000000000000092e-07,0.000000000000000000e+00
7.099999999999999785e-07,0.000000000000000000e+00
7.109999999999999477e-07,0.000000000000000000e+00
7.120000000000000228e-07,0.000000000000000000e+00
7.129999999999999921e-07,0.000000000000000000e+00
7.139999999999999613e-07,0.000000000000000000e+00
7.150000000000000365e-07,0.000000000000000000e+00
7.160000000000000057e-07,0.000000000000000000e+00
7.169999999999999750e-07,0.000000000000000000e+00
7.180000000000000501e-07,0.000000000000000000e+00
7.190000000000000193e-07,0.000000000000000000e+00
7.199999999999999886e-07,0.000000000000000000e+00
7.209999999999999578e-07,0.000000000000000000e+00
7.220000000000000330e-07,0.000000000000000000e+00
7.230000000000000022e-07,0.000000000000000000e+00
7.239999999999999715e-07,0.000000000000000000e+00
7.250000000000000466e-07,0.000000000000000000e+00
7.260000000000000159e-07,0.000000000000000000e+00
7.269999999999999851e-07,0.000000000000000000e+00
7.279999999999999544e-07,0.000000000000000000e+00
7.290000000000000295e-07,0.000000000000000000e+00
7.299999999999999987e-07,0.000000000000000000e+00
7.309999999999999680e-07,0.000000000000000000e+00
7.320000000000000431e-07,0.000000000000000000e+00
7.330000000000000124e-07,0.000000000000000000e+00
7.339999999999999816e-07,0.000000000000000000e+00
7.349999999999999509e-07,0.000000000000000000e+00
7.360000000000000260e-07,0.000000000000000000e+00
7.369999999999999952e-07,0.000000000000000000e+00
7.379999999999999645e-07,0.000000000000000000e+00
7.390000000000000396e-07,0.000000000000000000e+00
7.400000000000000089e-07,0.000000000000000000e+00
7.409999999999999781e-07,0.000000000000000000e+00
7.419999999999999474e-07,0.000000000000000000e+00
7.430000000000000225e-07,0.000000000000000000e+00
7.439999999999999917e-07,0.000000000000000000e+00
7.449999999999999610e-07,0.000000000000000000e+00
7.460000000000000361e-07,0.000000000000000000e+00
7.470000000000000054e-07,0.000000000000000000e+00
7.479999999999999746e-07,0.000000000000000000e+00
7.490000000000000498e-07,0.000000000000000000e+00
7.500000000000000190e-07,0.000000000000000000e+00
7.509999999999999883e-07,0.000000000000000000e+00
7.519999999999999575e-07,0.000000000000000000e+00
7.530000000000000326e-07,0.000000000000000000e+00
7.540000000000000019e-07,0.000000000000000000e+00
7.549999999999999711e-07,0.000000000000000000e+00
7.560000000000000463e-07,0.000000000000000000e+00
7.570000000000000155e-07,0.000000000000000000e+00
7.579999999999999848e-07,0.000000000000000000e+00
7.589999999999999540e-07,0.000000000000000000e+00
7.600000000000000291e-07,0.000000000000000000e+00
7.609999999999999984e-07,0.000000000000000000e+00
7.619999999999999676e-07,0.000000000000000000e+00
7.630000000000000428e-07,0.000000000000000000e+00
7.640000000000000120e-07,0.000000000000000000e+00
7.649999999999999813e-07,0.000000000000000000e+00
7.659999999999999505e-07,0.000000000000000000e+00
7.670000000000000256e-07,0.000000000000000000e+00
7.679999999999999949e-07,0.000000000000000000e+00
7.689999999999999641e-07,0.000000000000000000e+00
7.700000000000000393e-07,0.000000000000000000e+00
7.710000000000000085e-07,0.000000000000000000e+00
7.719999999999999778e-07,0.000000000000000000e+00
7.730000000000000529e-07,0.000000000000000000e+00
7.740000000000000221e-07,0.000000000000000000e+00
7.749999999999999914e-07,0.000000000000000000e+00
7.759999999999999606e-07,0.000000000000000000e+00
7.770000000000000358e-07,0.000000000000000000e+00
7.780000000000000050e-07,0.000000000000000000e+00
7.789999999999999743e-07,0.000000000000000000e+00
7.800000000000000494e-07,0.000000000000000000e+00
7.810000000000000187e-07,0.000000000000000000e+00
7.819999999999999879e-07,0.000000000000000000e+00
7.829999999999999572e-07,0.000000000000000000e+00
7.840000000000000323e-07,0.000000000000000000e+00
7.850000000000000015e-07,0.000000000000000000e+00
7.859999999999999708e-07,0.000000000000000000e+00
7.870000000000000459e-07,0.000000000000000000e+00
7.880000000000000152e-07,0.000000000000000000e+00
7.889999999999999844e-07,0.000000000000000000e+00
7.899999999999999537e-07,0.000000000000000000e+00
7.910000000000000288e-07,0.000000000000000000e+00
7.919999999999999980e-07,0.000000000000000000e+00
7.929999999999999673e-07,0.000000000000000000e+00
7.940000000000000424e-07,0.000000000000000000e+00
7.950000000000000117e-07,0.000000000000000000e+00
7.959999999999999809e-07,0.000000000000000000e+00
7.969999999999999502e-07,0.000000000000000000e+00
7.980000000000000253e-07,0.000000000000000000e+00
7.989999999999999945e-07,0.000000000000000000e+00
7.999999999999999638e-07,0.000000000000000000e+00
8.010000000000000389e-07,0.000000000000000000e+00
8.020000000000000082e-07,0.000000000000000000e+00
8.029999999999999774e-07,0.000000000000000000e+00
8.040000000000000526e-07,0.000000000000000000e+00
8.050000000000000218e-07,0.000000000000000000e+00
8.059999999999999911e-07,0.000000000000000000e+00
8.069999999999999603e-07,0.000000000000000000e+00
8.080000000000000354e-07,0.000000000000000000e+00
8.090000000000000047e-07,0.000000000000000000e+00
8.099999999999999739e-07,0.000000000000000000e+00
8.110000000000000491e-07,0.000000000000000000e+00
8.120000000000000183e-07,0.000000000000000000e+00
8.129999999999999876e-07,0.000000000000000000e+00
8.139999999999999568e-07,0.000000000000000000e+00
8.150000000000000319e-07,0.000000000000000000e+00
8.160000000000000012e-07,0.000000000000000000e+00
8.169999999999999704e-07,0.000000000000000000e+00
8.180000000000000456e-07,0.000000000000000000e+00
8.190000000000000148e-07,0.000000000000000000e+00
8.199999999999999841e-07,0.000000000000000000e+00
8.209999999999999533e-07,0.000000000000000000e+00
8.220000000000000284e-07,0.000000000000000000e+00
8.229999999999999977e-07,0.000000000000000000e+00
8.239999999999999669e-07,0.000000000000000000e+00
8.250000000000000421e-07,0.000000000000000000e+00
8.260000000000000113e-07,0.000000000000000000e+00
8.269999999999999806e-07,0.000000000000000000e+00
8.279999999999999498e-07,0.000000000000000000e+00
8.290000000000000250e-07,0.000000000000000000e+00
8.299999999999999942e-07,0.000000000000000000e+00
8.309999999999999635e-07,0.000000000000000000e+00
8.320000000000000386e-07,0.000000000000000000e+00
8.330000000000000078e-07,0.000000000000000000e+00
8.339999999999999771e-07,0.000000000000000000e+00
8.350000000000000522e-07,0.000000000000000000e+00
8.360000000000000215e-07,0.000000000000000000e+00
8.369999999999999907e-07,0.000000000000000000e+00
8.379999999999999600e-07,0.000000000000000000e+00
8.390000000000000351e-07,0.000000000000000000e+00
8.400000000000000043e-07,0.000000000000000000e+00
8.409999999999999736e-07,0.000000000000000000e+00
8.420000000000000487e-07,0.000000000000000000e+00
8.430000000000000180e-07,0.000000000000000000e+00
8.439999999999999872e-07,0.000000000000000000e+00
8.449999999999999565e-07,0.000000000000000000e+00
8.460000000000000316e-07,0.000000000000000000e+00
8.470000000000000008e-07,0.000000000000000000e+00
8.479999999999999701e-07,0.000000000000000000e+00
8.490000000000000452e-07,0.000000000000000000e+00
8.500000000000000145e-07,0.000000000000000000e+00
8.509999999999999837e-07,0.000000000000000000e+00
8.519999999999999530e-07,0.000000000000000000e+00
8.530000000000000281e-07,0.000000000000000000e+00
8.539999999999999974e-07,0.000000000000000000e+00
8.549999999999999666e-07,0.000000000000000000e+00
8.560000000000000417e-07,0.000000000000000000e+00
8.570000000000000110e-07,0.000000000000000000e+00
8.579999999999999802e-07,0.000000000000000000e+00
8.589999999999999495e-07,0.000000000000000000e+00
8.600000000000000246e-07,0.000000000000000000e+00
8.609999999999999939e-07,0.000000000000000000e+00
8.619999999999999631e-07,0.000000000000000000e+00
8.630000000000000382e-07,0.000000000000000000e+00
8.640000000000000075e-07,0.000000000000000000e+00
8.649999999999999767e-07,0.000000000000000000e+00
8.660000000000000519e-07,0.000000000000000000e+00
8.670000000000000211e-07,0.000000000000000000e+00
8.679999999999999904e-07,0.000000000000000000e+00
8.689999999999999596e-07,0.000000000000000000e+00
8.700000000000000347e-07,0.000000000000000000e+00
8.710000000000000040e-07,0.000000000000000000e+00
8.719999999999999732e-07,0.000000000000000000e+00
8.730000000000000484e-07,0.000000000000000000e+00
8.740000000000000176e-07,0.000000000000000000e+00
8.749999999999999869e-07,0.000000000000000000e+00
8.759999999999999561e-07,0.000000000000000000e+00
8.770000000000000313e-07,0.000000000000000000e+00
8.780000000000000005e-07,0.000000000000000000e+00
8.789999999999999698e-07,0.000000000000000000e+00
8.800000000000000449e-07,0.000000000000000000e+00
8.810000000000000141e-07,0.000000000000000000e+00
8.819999999999999834e-07,0.000000000000000000e+00
8.829999999999999526e-07,0.000000000000000000e+00
8.840000000000000278e-07,0.000000000000000000e+00
8.849999999999999970e-07,0.000000000000000000e+00
8.859999999999999663e-07,0.000000000000000000e+00
8.870000000000000414e-07,0.000000000000000000e+00
8.880000000000000106e-07,0.000000000000000000e+00
8.889999999999999799e-07,0.000000000000000000e+00
8.899999999999999491e-07,0.000000000000000000e+00
8.910000000000000243e-07,0.000000000000000000e+00
8.919999999999999935e-07,0.000000000000000000e+00
8.929999999999999628e-07,0.000000000000000000e+00
8.940000000000000379e-07,0.000000000000000000e+00
8.950000000000000071e-07,0.000000000000000000e+00
8.959999999999999764e-07,0.000000000000000000e+00
8.970000000000000515e-07,0.000000000000000000e+00
8.980000000000000208e-07,0.000000000000000000e+00
8.989999999999999900e-07,0.000000000000000000e+00
8.999999999999999593e-07,0.000000000000000000e+00
9.010000000000000344e-07,0.000000000000000000e+00
9.020000000000000037e-07,0.000000000000000000e+00
9.029999999999999729e-07,0.000000000000000000e+00
9.040000000000000480e-07,0.000000000000000000e+00
9.050000000000000173e-07,0.000000000000000000e+00
9.059999999999999865e-07,0.000000000000000000e+00
9.069999999999999558e-07,0.000000000000000000e+00
9.080000000000000309e-07,0.000000000000000000e+00
9.090000000000000002e-07,0.000000000000000000e+00
9.099999999999999694e-07,0.000000000000000000e+00
9.110000000000000445e-07,0.000000000000000000e+00
9.120000000000000138e-07,0.000000000000000000e+00
9.129999999999999830e-07,0.000000000000000000e+00
9.139999999999999523e-07,0.000000000000000000e+00
9.150000000000000274e-07,0.000000000000000000e+00
9.159999999999999967e-07,0.000000000000000000e+00
9.169999999999999659e-07,0.000000000000000000e+00
9.180000000000000410e-07,0.000000000000000000e+00
9.190000000000000103e-07,0.000000000000000000e+00
9.199999999999999795e-07,0.000000000000000000e+00
9.209999999999999488e-07,0.000000000000000000e+00
9.220000000000000239e-07,0.000000000000000000e+00
9.229999999999999932e-07,0.000000000000000000e+00
9.239999999999999624e-07,0.000000000000000000e+00
9.250000000000000376e-07,0.000000000000000000e+00
9.260000000000000068e-07,0.000000000000000000e+00
9.269999999999999761e-07,0.000000000000000000e+00
9.280000000000000512e-07,0.000000000000000000e+00
9.290000000000000204e-07,0.000000000000000000e+00
9.299999999999999897e-07,0.000000000000000000e+00
9.309999999999999589e-07,0.000000000000000000e+00
9.320000000000000341e-07,0.000000000000000000e+00
9.330000000000000033e-07,0.000000000000000000e+00
9.339999999999999726e-07,0.000000000000000000e+00
9.350000000000000477e-07,0.000000000000000000e+00
9.360000000000000169e-07,0.000000000000000000e+00
9.369999999999999862e-07,0.000000000000000000e+00
9.379999999999999554e-07,0.000000000000000000e+00
9.390000000000000306e-07,0.000000000000000000e+00
9.399999999999999998e-07,0.000000000000000000e+00
9.409999999999999691e-07,0.000000000000000000e+00
9.420000000000000442e-07,0.000000000000000000e+00
9.430000000000000134e-07,0.000000000000000000e+00
9.439999999999999827e-07,0.000000000000000000e+00
9.449999999999999519e-07,0.000000000000000000e+00
9.460000000000000271e-07,0.000000000000000000e+00
9.469999999999999963e-07,0.000000000000000000e+00
9.479999999999999656e-07,0.000000000000000000e+00
9.490000000000000407e-07,0.000000000000000000e+00
9.500000000000000100e-07,0.000000000000000000e+00
9.509999999999999792e-07,0.000000000000000000e+00
9.519999999999999484e-07,0.000000000000000000e+00
9.530000000000000236e-07,0.000000000000000000e+00
9.540000000000000987e-07,0.000000000000000000e+00
9.549999999999999621e-07,0.000000000000000000e+00
9.560000000000000372e-07,0.000000000000000000e+00
9.569999999999999006e-07,0.000000000000000000e+00
9.579999999999999757e-07,0.000000000000000000e+00
9.590000000000000508e-07,0.000000000000000000e+00
9.599999999999999142e-07,0.000000000000000000e+00
9.609999999999999893e-07,0.000000000000000000e+00
9.620000000000000645e-07,0.000000000000000000e+00
9.629999999999999278e-07,0.000000000000000000e+00
9.640000000000000030e-07,0.000000000000000000e+00
9.650000000000000781e-07,0.000000000000000000e+00
9.659999999999999415e-07,0.000000000000000000e+00
9.670000000000000166e-07,0.000000000000000000e+00
9.680000000000000917e-07,0.000000000000000000e+00
9.689999999999999551e-07,0.000000000000000000e+00
9.700000000000000302e-07,0.000000000000000000e+00
9.710000000000001053e-07,0.000000000000000000e+00
9.719999999999999687e-07,0.000000000000000000e+00
9.730000000000000438e-07,0.000000000000000000e+00
9.739999999999999072e-07,0.000000000000000000e+00
9.749999999999999823e-07,0.000000000000000000e+00
9.760000000000000575e-07,0.000000000000000000e+00
9.769999999999999208e-07,0.000000000000000000e+00
9.779999999999999960e-07,0.000000000000000000e+00
9.790000000000000711e-07,0.000000000000000000e+00
9.799999999999999345e-07,0.000000000000000000e+00
9.810000000000000096e-07,0.000000000000000000e+00
9.820000000000000847e-07,0.000000000000000000e+00
9.829999999999999481e-07,0.000000000000000000e+00
9.840000000000000232e-07,0.000000000000000000e+00
9.850000000000000984e-07,0.000000000000000000e+00
9.859999999999999617e-07,0.000000000000000000e+00
9.870000000000000369e-07,0.000000000000000000e+00
9.879999999999999002e-07,0.000000000000000000e+00
9.889999999999999754e-07,0.000000000000000000e+00
9.900000000000000505e-07,0.000000000000000000e+00
9.909999999999999139e-07,0.000000000000000000e+00
9.919999999999999890e-07,0.000000000000000000e+00
9.930000000000000641e-07,0.000000000000000000e+00
9.939999999999999275e-07,0.000000000000000000e+00
9.950000000000000026e-07,0.000000000000000000e+00
9.960000000000000777e-07,0.000000000000000000e+00
9.969999999999999411e-07,0.000000000000000000e+00
9.980000000000000162e-07,0.000000000000000000e+00
9.990000000000000914e-07,0.000000000000000000e+00
