frequency_hz,power_dbm
2.000000000000000000e+09,-3.077499999999999858e+01
2.001000000000000000e+09,-3.125100000000000122e+01
2.002000000000000000e+09,-3.118900000000000006e+01
2.003000000000000000e+09,-3.146600000000000108e+01
2.004000000000000000e+09,-3.262800000000000011e+01
2.005000000000000000e+09,-3.229299999999999926e+01
2.006000000000000000e+09,-3.244500000000000028e+01
2.007000000000000000e+09,-3.298199999999999932e+01
2.008000000000000000e+09,-3.273199999999999932e+01
2.009000000000000000e+09,-3.339800000000000324e+01
2.010000000000000000e+09,-3.334799999999999898e+01
2.011000000000000000e+09,-3.408400000000000318e+01
2.012000000000000000e+09,-3.340899999999999892e+01
2.013000000000000000e+09,-3.335399999999999920e+01
2.014000000000000000e+09,-3.360600000000000165e+01
2.015000000000000000e+09,-3.369100000000000250e+01
2.016000000000000000e+09,-3.316799999999999926e+01
2.017000000000000000e+09,-3.340100000000000335e+01
2.018000000000000000e+09,-3.296699999999999875e+01
2.019000000000000000e+09,-3.298899999999999721e+01
2.020000000000000000e+09,-3.211200000000000188e+01
2.021000000000000000e+09,-3.228000000000000114e+01
2.022000000000000000e+09,-3.183899999999999864e+01
2.023000000000000000e+09,-3.128699999999999903e+01
2.024000000000000000e+09,-3.116300000000000026e+01
2.025000000000000000e+09,-3.024299999999999855e+01
2.026000000000000000e+09,-3.002799999999999869e+01
2.027000000000000000e+09,-2.865700000000000003e+01
2.028000000000000000e+09,-2.838299999999999912e+01
2.029000000000000000e+09,-2.789999999999999858e+01
2.030000000000000000e+09,-2.732400000000000162e+01
2.031000000000000000e+09,-2.745200000000000173e+01
2.032000000000000000e+09,-2.690500000000000114e+01
2.033000000000000000e+09,-2.666900000000000048e+01
2.034000000000000000e+09,-2.683800000000000097e+01
2.035000000000000000e+09,-2.746699999999999875e+01
2.036000000000000000e+09,-2.771099999999999852e+01
2.037000000000000000e+09,-2.803200000000000003e+01
2.038000000000000000e+09,-2.853900000000000148e+01
2.039000000000000000e+09,-2.893799999999999883e+01
2.040000000000000000e+09,-2.949099999999999966e+01
2.041000000000000000e+09,-3.011499999999999844e+01
2.042000000000000000e+09,-3.011299999999999955e+01
2.043000000000000000e+09,-3.035200000000000031e+01
2.044000000000000000e+09,-3.111499999999999844e+01
2.045000000000000000e+09,-3.128300000000000125e+01
2.046000000000000000e+09,-3.241899999999999693e+01
2.047000000000000000e+09,-3.148900000000000077e+01
2.048000000000000000e+09,-3.166700000000000159e+01
2.049000000000000000e+09,-3.172700000000000031e+01
2.050000000000000000e+09,-3.286999999999999744e+01
2.051000000000000000e+09,-3.185000000000000142e+01
2.052000000000000000e+09,-3.203399999999999892e+01
2.053000000000000000e+09,-3.187600000000000122e+01
2.054000000000000000e+09,-3.108200000000000074e+01
2.055000000000000000e+09,-3.143599999999999994e+01
2.056000000000000000e+09,-3.146499999999999986e+01
2.057000000000000000e+09,-3.109299999999999997e+01
2.058000000000000000e+09,-3.114199999999999946e+01
2.059000000000000000e+09,-3.071999999999999886e+01
2.060000000000000000e+09,-3.009299999999999997e+01
2.061000000000000000e+09,-3.039900000000000091e+01
2.062000000000000000e+09,-2.962699999999999889e+01
2.063000000000000000e+09,-2.893199999999999861e+01
2.064000000000000000e+09,-2.868900000000000006e+01
2.065000000000000000e+09,-2.828600000000000136e+01
2.066000000000000000e+09,-2.860900000000000176e+01
2.067000000000000000e+09,-2.721099999999999852e+01
2.068000000000000000e+09,-2.690800000000000125e+01
2.069000000000000000e+09,-2.597299999999999898e+01
2.070000000000000000e+09,-2.529400000000000048e+01
2.071000000000000000e+09,-2.589099999999999824e+01
2.072000000000000000e+09,-2.488700000000000045e+01
2.073000000000000000e+09,-2.469000000000000128e+01
2.074000000000000000e+09,-2.470899999999999963e+01
2.075000000000000000e+09,-2.482700000000000173e+01
2.076000000000000000e+09,-2.539099999999999824e+01
2.077000000000000000e+09,-2.551000000000000156e+01
2.078000000000000000e+09,-2.605900000000000105e+01
2.079000000000000000e+09,-2.639999999999999858e+01
2.080000000000000000e+09,-2.679100000000000037e+01
2.081000000000000000e+09,-2.765399999999999991e+01
2.082000000000000000e+09,-2.761100000000000065e+01
2.083000000000000000e+09,-2.779299999999999926e+01
2.084000000000000000e+09,-2.822100000000000009e+01
2.085000000000000000e+09,-2.883699999999999974e+01
2.086000000000000000e+09,-2.938500000000000156e+01
2.087000000000000000e+09,-2.910300000000000153e+01
2.088000000000000000e+09,-2.907900000000000063e+01
2.089000000000000000e+09,-2.947899999999999920e+01
2.090000000000000000e+09,-2.903900000000000148e+01
2.091000000000000000e+09,-2.999599999999999866e+01
2.092000000000000000e+09,-2.959499999999999886e+01
2.093000000000000000e+09,-2.965399999999999991e+01
2.094000000000000000e+09,-2.972899999999999920e+01
2.095000000000000000e+09,-2.930199999999999960e+01
2.096000000000000000e+09,-2.996600000000000108e+01
2.097000000000000000e+09,-2.925199999999999889e+01
2.098000000000000000e+09,-2.964999999999999858e+01
2.099000000000000000e+09,-2.897299999999999898e+01
2.100000000000000000e+09,-3.488499999999999801e+01
2.101000000000000000e+09,-2.927100000000000080e+01
2.102000000000000000e+09,-2.821600000000000108e+01
2.103000000000000000e+09,-2.797700000000000031e+01
2.104000000000000000e+09,-2.781400000000000006e+01
2.105000000000000000e+09,-2.697100000000000009e+01
2.106000000000000000e+09,-2.730300000000000082e+01
2.107000000000000000e+09,-2.640399999999999991e+01
2.108000000000000000e+09,-2.589999999999999858e+01
2.109000000000000000e+09,-2.552400000000000091e+01
2.110000000000000000e+09,-2.491799999999999926e+01
2.111000000000000000e+09,-2.526999999999999957e+01
2.112000000000000000e+09,-2.451999999999999957e+01
2.113000000000000000e+09,-2.437999999999999901e+01
2.114000000000000000e+09,-2.401399999999999935e+01
2.115000000000000000e+09,-2.412399999999999878e+01
2.116000000000000000e+09,-2.447500000000000142e+01
2.117000000000000000e+09,-2.396199999999999974e+01
2.118000000000000000e+09,-2.448699999999999832e+01
2.119000000000000000e+09,-2.458899999999999864e+01
2.120000000000000000e+09,-2.491300000000000026e+01
2.121000000000000000e+09,-2.563200000000000145e+01
2.122000000000000000e+09,-2.542299999999999827e+01
2.123000000000000000e+09,-2.595799999999999841e+01
2.124000000000000000e+09,-2.620899999999999963e+01
2.125000000000000000e+09,-2.661599999999999966e+01
2.126000000000000000e+09,-2.724200000000000088e+01
2.127000000000000000e+09,-2.720400000000000063e+01
2.128000000000000000e+09,-2.722599999999999909e+01
2.129000000000000000e+09,-2.757100000000000151e+01
2.130000000000000000e+09,-2.759100000000000108e+01
2.131000000000000000e+09,-2.858599999999999852e+01
2.132000000000000000e+09,-2.785800000000000054e+01
2.133000000000000000e+09,-2.777799999999999869e+01
2.134000000000000000e+09,-2.813100000000000023e+01
2.135000000000000000e+09,-2.796900000000000119e+01
2.136000000000000000e+09,-2.861199999999999832e+01
2.137000000000000000e+09,-2.808200000000000074e+01
2.138000000000000000e+09,-2.811299999999999955e+01
2.139000000000000000e+09,-2.780199999999999960e+01
2.140000000000000000e+09,-2.771600000000000108e+01
2.141000000000000000e+09,-2.801099999999999923e+01
2.142000000000000000e+09,-2.753999999999999915e+01
2.143000000000000000e+09,-2.706099999999999994e+01
2.144000000000000000e+09,-2.681299999999999883e+01
2.145000000000000000e+09,-2.681400000000000006e+01
2.146000000000000000e+09,-2.719399999999999906e+01
2.147000000000000000e+09,-2.647700000000000031e+01
2.148000000000000000e+09,-2.597400000000000020e+01
2.149000000000000000e+09,-2.557100000000000151e+01
2.150000000000000000e+09,-2.584199999999999875e+01
2.151000000000000000e+09,-2.550900000000000034e+01
2.152000000000000000e+09,-2.452899999999999991e+01
2.153000000000000000e+09,-2.454700000000000060e+01
2.154000000000000000e+09,-2.438500000000000156e+01
2.155000000000000000e+09,-2.421900000000000119e+01
2.156000000000000000e+09,-2.455900000000000105e+01
2.157000000000000000e+09,-2.400799999999999912e+01
2.158000000000000000e+09,-2.404500000000000171e+01
2.159000000000000000e+09,-2.403800000000000026e+01
2.160000000000000000e+09,-2.407100000000000151e+01
2.161000000000000000e+09,-2.490200000000000102e+01
2.162000000000000000e+09,-2.471000000000000085e+01
2.163000000000000000e+09,-2.491700000000000159e+01
2.164000000000000000e+09,-2.511499999999999844e+01
2.165000000000000000e+09,-2.533099999999999952e+01
2.166000000000000000e+09,-2.570200000000000173e+01
2.167000000000000000e+09,-2.584299999999999997e+01
2.168000000000000000e+09,-2.588800000000000168e+01
2.169000000000000000e+09,-2.605000000000000071e+01
2.170000000000000000e+09,-2.666700000000000159e+01
2.171000000000000000e+09,-2.717299999999999827e+01
2.172000000000000000e+09,-2.682400000000000162e+01
2.173000000000000000e+09,-2.699899999999999878e+01
2.174000000000000000e+09,-2.718700000000000117e+01
2.175000000000000000e+09,-2.703099999999999881e+01
2.176000000000000000e+09,-2.722599999999999909e+01
2.177000000000000000e+09,-2.731299999999999883e+01
2.178000000000000000e+09,-2.722200000000000131e+01
2.179000000000000000e+09,-2.717800000000000082e+01
2.180000000000000000e+09,-2.699599999999999866e+01
2.181000000000000000e+09,-2.735500000000000043e+01
2.182000000000000000e+09,-2.700199999999999889e+01
2.183000000000000000e+09,-2.671000000000000085e+01
2.184000000000000000e+09,-2.662500000000000000e+01
2.185000000000000000e+09,-2.658500000000000085e+01
2.186000000000000000e+09,-2.664399999999999835e+01
2.187000000000000000e+09,-2.605399999999999849e+01
2.188000000000000000e+09,-2.601399999999999935e+01
2.189000000000000000e+09,-2.566900000000000048e+01
2.190000000000000000e+09,-2.526999999999999957e+01
2.191000000000000000e+09,-2.523100000000000165e+01
2.192000000000000000e+09,-2.486899999999999977e+01
2.193000000000000000e+09,-2.476399999999999935e+01
2.194000000000000000e+09,-2.430900000000000105e+01
2.195000000000000000e+09,-2.432799999999999940e+01
2.196000000000000000e+09,-2.446199999999999974e+01
2.197000000000000000e+09,-2.405300000000000082e+01
2.198000000000000000e+09,-2.400900000000000034e+01
2.199000000000000000e+09,-2.359199999999999875e+01
2.200000000000000000e+09,-2.574899999999999878e+01
2.201000000000000000e+09,-2.430600000000000094e+01
2.202000000000000000e+09,-2.437300000000000111e+01
2.203000000000000000e+09,-2.426800000000000068e+01
2.204000000000000000e+09,-2.431099999999999994e+01
2.205000000000000000e+09,-2.474399999999999977e+01
2.206000000000000000e+09,-2.546600000000000108e+01
2.207000000000000000e+09,-2.529100000000000037e+01
2.208000000000000000e+09,-2.567699999999999960e+01
2.209000000000000000e+09,-2.566700000000000159e+01
2.210000000000000000e+09,-2.552799999999999869e+01
2.211000000000000000e+09,-2.634700000000000131e+01
2.212000000000000000e+09,-2.641499999999999915e+01
2.213000000000000000e+09,-2.657999999999999829e+01
2.214000000000000000e+09,-2.671999999999999886e+01
2.215000000000000000e+09,-2.666400000000000148e+01
2.216000000000000000e+09,-2.706800000000000139e+01
2.217000000000000000e+09,-2.686700000000000088e+01
2.218000000000000000e+09,-2.682700000000000173e+01
2.219000000000000000e+09,-2.693199999999999861e+01
2.220000000000000000e+09,-2.701699999999999946e+01
2.221000000000000000e+09,-2.700199999999999889e+01
2.222000000000000000e+09,-2.704500000000000171e+01
2.223000000000000000e+09,-2.679899999999999949e+01
2.224000000000000000e+09,-2.669800000000000040e+01
2.225000000000000000e+09,-2.662300000000000111e+01
2.226000000000000000e+09,-2.655900000000000105e+01
2.227000000000000000e+09,-2.638899999999999935e+01
2.228000000000000000e+09,-2.580499999999999972e+01
2.229000000000000000e+09,-2.579599999999999937e+01
2.230000000000000000e+09,-2.569000000000000128e+01
2.231000000000000000e+09,-2.583999999999999986e+01
2.232000000000000000e+09,-2.512800000000000011e+01
2.233000000000000000e+09,-2.498300000000000054e+01
2.234000000000000000e+09,-2.482600000000000051e+01
2.235000000000000000e+09,-2.465200000000000102e+01
2.236000000000000000e+09,-2.501999999999999957e+01
2.237000000000000000e+09,-2.417299999999999827e+01
2.238000000000000000e+09,-2.393100000000000094e+01
2.239000000000000000e+09,-2.394699999999999918e+01
2.240000000000000000e+09,-2.388299999999999912e+01
2.241000000000000000e+09,-2.418599999999999994e+01
2.242000000000000000e+09,-2.365500000000000114e+01
2.243000000000000000e+09,-2.394200000000000017e+01
2.244000000000000000e+09,-2.409299999999999997e+01
2.245000000000000000e+09,-2.409400000000000119e+01
2.246000000000000000e+09,-2.469999999999999929e+01
2.247000000000000000e+09,-2.445899999999999963e+01
2.248000000000000000e+09,-2.489799999999999969e+01
2.249000000000000000e+09,-2.499899999999999878e+01
2.250000000000000000e+09,-2.497899999999999920e+01
2.251000000000000000e+09,-2.570499999999999829e+01
2.252000000000000000e+09,-2.536599999999999966e+01
2.253000000000000000e+09,-2.590700000000000003e+01
2.254000000000000000e+09,-2.564799999999999969e+01
2.255000000000000000e+09,-2.619000000000000128e+01
2.256000000000000000e+09,-2.681700000000000017e+01
2.257000000000000000e+09,-2.629200000000000159e+01
2.258000000000000000e+09,-2.642200000000000060e+01
2.259000000000000000e+09,-2.645799999999999841e+01
2.260000000000000000e+09,-2.670599999999999952e+01
2.261000000000000000e+09,-2.702700000000000102e+01
2.262000000000000000e+09,-2.650199999999999889e+01
2.263000000000000000e+09,-2.694600000000000151e+01
2.264000000000000000e+09,-2.662999999999999901e+01
2.265000000000000000e+09,-2.657199999999999918e+01
2.266000000000000000e+09,-2.718599999999999994e+01
2.267000000000000000e+09,-2.649299999999999855e+01
2.268000000000000000e+09,-2.645100000000000051e+01
2.269000000000000000e+09,-2.646900000000000119e+01
2.270000000000000000e+09,-2.608800000000000097e+01
2.271000000000000000e+09,-2.637500000000000000e+01
2.272000000000000000e+09,-2.605199999999999960e+01
2.273000000000000000e+09,-2.551899999999999835e+01
2.274000000000000000e+09,-2.573699999999999832e+01
2.275000000000000000e+09,-2.540700000000000003e+01
2.276000000000000000e+09,-2.558599999999999852e+01
2.277000000000000000e+09,-2.519300000000000139e+01
2.278000000000000000e+09,-2.490099999999999980e+01
2.279000000000000000e+09,-2.477199999999999847e+01
2.280000000000000000e+09,-2.462000000000000099e+01
2.281000000000000000e+09,-2.466199999999999903e+01
2.282000000000000000e+09,-2.418499999999999872e+01
2.283000000000000000e+09,-2.399899999999999878e+01
2.284000000000000000e+09,-2.420299999999999940e+01
2.285000000000000000e+09,-2.418400000000000105e+01
2.286000000000000000e+09,-2.447200000000000131e+01
2.287000000000000000e+09,-2.432199999999999918e+01
2.288000000000000000e+09,-2.454599999999999937e+01
2.289000000000000000e+09,-2.465599999999999881e+01
2.290000000000000000e+09,-2.473699999999999832e+01
2.291000000000000000e+09,-2.524500000000000099e+01
2.292000000000000000e+09,-2.493900000000000006e+01
2.293000000000000000e+09,-2.542699999999999960e+01
2.294000000000000000e+09,-2.511899999999999977e+01
2.295000000000000000e+09,-2.524899999999999878e+01
2.296000000000000000e+09,-2.585200000000000031e+01
2.297000000000000000e+09,-2.569300000000000139e+01
2.298000000000000000e+09,-2.605000000000000071e+01
2.299000000000000000e+09,-2.615099999999999980e+01
2.300000000000000000e+09,-2.966600000000000037e+01
2.301000000000000000e+09,-2.660399999999999920e+01
2.302000000000000000e+09,-2.644099999999999895e+01
2.303000000000000000e+09,-2.628500000000000014e+01
2.304000000000000000e+09,-2.651399999999999935e+01
2.305000000000000000e+09,-2.651099999999999923e+01
2.306000000000000000e+09,-2.701999999999999957e+01
2.307000000000000000e+09,-2.669399999999999906e+01
2.308000000000000000e+09,-2.642000000000000171e+01
2.309000000000000000e+09,-2.630699999999999861e+01
2.310000000000000000e+09,-2.644399999999999906e+01
2.311000000000000000e+09,-2.676699999999999946e+01
2.312000000000000000e+09,-2.619699999999999918e+01
2.313000000000000000e+09,-2.632400000000000162e+01
2.314000000000000000e+09,-2.604100000000000037e+01
2.315000000000000000e+09,-2.575499999999999901e+01
2.316000000000000000e+09,-2.635200000000000031e+01
2.317000000000000000e+09,-2.551899999999999835e+01
2.318000000000000000e+09,-2.524800000000000111e+01
2.319000000000000000e+09,-2.517200000000000060e+01
2.320000000000000000e+09,-2.506099999999999994e+01
2.321000000000000000e+09,-2.535900000000000176e+01
2.322000000000000000e+09,-2.501599999999999824e+01
2.323000000000000000e+09,-2.473699999999999832e+01
2.324000000000000000e+09,-2.467699999999999960e+01
2.325000000000000000e+09,-2.450100000000000122e+01
2.326000000000000000e+09,-2.506800000000000139e+01
2.327000000000000000e+09,-2.454899999999999949e+01
2.328000000000000000e+09,-2.462600000000000122e+01
2.329000000000000000e+09,-2.490200000000000102e+01
2.330000000000000000e+09,-2.477700000000000102e+01
2.331000000000000000e+09,-2.561299999999999955e+01
2.332000000000000000e+09,-2.487199999999999989e+01
2.333000000000000000e+09,-2.523600000000000065e+01
2.334000000000000000e+09,-2.530000000000000071e+01
2.335000000000000000e+09,-2.507700000000000173e+01
2.336000000000000000e+09,-2.593700000000000117e+01
2.337000000000000000e+09,-2.557499999999999929e+01
2.338000000000000000e+09,-2.563899999999999935e+01
2.339000000000000000e+09,-2.599099999999999966e+01
2.340000000000000000e+09,-2.614099999999999824e+01
2.341000000000000000e+09,-2.656099999999999994e+01
2.342000000000000000e+09,-2.582900000000000063e+01
2.343000000000000000e+09,-2.605999999999999872e+01
2.344000000000000000e+09,-2.635300000000000153e+01
2.345000000000000000e+09,-2.641100000000000136e+01
2.346000000000000000e+09,-2.693700000000000117e+01
2.347000000000000000e+09,-2.639600000000000080e+01
2.348000000000000000e+09,-2.650499999999999901e+01
2.349000000000000000e+09,-2.643499999999999872e+01
2.350000000000000000e+09,-2.641400000000000148e+01
2.351000000000000000e+09,-2.686199999999999832e+01
2.352000000000000000e+09,-2.626899999999999835e+01
2.353000000000000000e+09,-2.637600000000000122e+01
2.354000000000000000e+09,-2.630099999999999838e+01
2.355000000000000000e+09,-2.584799999999999898e+01
2.356000000000000000e+09,-2.615700000000000003e+01
2.357000000000000000e+09,-2.597700000000000031e+01
2.358000000000000000e+09,-2.588800000000000168e+01
2.359000000000000000e+09,-2.576599999999999824e+01
2.360000000000000000e+09,-2.538299999999999912e+01
2.361000000000000000e+09,-2.566100000000000136e+01
2.362000000000000000e+09,-2.520899999999999963e+01
2.363000000000000000e+09,-2.504299999999999926e+01
2.364000000000000000e+09,-2.505999999999999872e+01
2.365000000000000000e+09,-2.516300000000000026e+01
2.366000000000000000e+09,-2.529799999999999827e+01
2.367000000000000000e+09,-2.503500000000000014e+01
2.368000000000000000e+09,-2.492800000000000082e+01
2.369000000000000000e+09,-2.511299999999999955e+01
2.370000000000000000e+09,-2.482499999999999929e+01
2.371000000000000000e+09,-2.527400000000000091e+01
2.372000000000000000e+09,-2.502100000000000080e+01
2.373000000000000000e+09,-2.514000000000000057e+01
2.374000000000000000e+09,-2.508699999999999974e+01
2.375000000000000000e+09,-2.511199999999999832e+01
2.376000000000000000e+09,-2.569500000000000028e+01
2.377000000000000000e+09,-2.548300000000000054e+01
2.378000000000000000e+09,-2.578900000000000148e+01
2.379000000000000000e+09,-2.586299999999999955e+01
2.380000000000000000e+09,-2.559199999999999875e+01
2.381000000000000000e+09,-2.632100000000000151e+01
2.382000000000000000e+09,-2.611299999999999955e+01
2.383000000000000000e+09,-2.631099999999999994e+01
2.384000000000000000e+09,-2.657400000000000162e+01
2.385000000000000000e+09,-2.628500000000000014e+01
2.386000000000000000e+09,-2.665399999999999991e+01
2.387000000000000000e+09,-2.659199999999999875e+01
2.388000000000000000e+09,-2.662000000000000099e+01
2.389000000000000000e+09,-2.649399999999999977e+01
2.390000000000000000e+09,-2.666199999999999903e+01
2.391000000000000000e+09,-2.704200000000000159e+01
2.392000000000000000e+09,-2.654799999999999827e+01
2.393000000000000000e+09,-2.646499999999999986e+01
2.394000000000000000e+09,-2.643599999999999994e+01
2.395000000000000000e+09,-2.646699999999999875e+01
2.396000000000000000e+09,-2.674500000000000099e+01
2.397000000000000000e+09,-2.635900000000000176e+01
2.398000000000000000e+09,-2.635200000000000031e+01
2.399000000000000000e+09,-2.606599999999999895e+01
2.400000000000000000e+09,-2.603600000000000136e+01
2.401000000000000000e+09,-2.606899999999999906e+01
2.402000000000000000e+09,-2.554100000000000037e+01
2.403000000000000000e+09,-2.592599999999999838e+01
2.404000000000000000e+09,-2.567500000000000071e+01
2.405000000000000000e+09,-2.570899999999999963e+01
2.406000000000000000e+09,-2.615599999999999881e+01
2.407000000000000000e+09,-2.526599999999999824e+01
2.408000000000000000e+09,-2.516100000000000136e+01
2.409000000000000000e+09,-2.489399999999999835e+01
2.410000000000000000e+09,-2.464900000000000091e+01
2.411000000000000000e+09,-2.514399999999999835e+01
2.412000000000000000e+09,-2.513299999999999912e+01
2.413000000000000000e+09,-2.481899999999999906e+01
2.414000000000000000e+09,-2.509100000000000108e+01
2.415000000000000000e+09,-2.509400000000000119e+01
2.416000000000000000e+09,-2.555399999999999849e+01
2.417000000000000000e+09,-2.481500000000000128e+01
2.418000000000000000e+09,-2.509199999999999875e+01
2.419000000000000000e+09,-2.524200000000000088e+01
2.420000000000000000e+09,-2.530999999999999872e+01
2.421000000000000000e+09,-2.565700000000000003e+01
2.422000000000000000e+09,-2.562500000000000000e+01
2.423000000000000000e+09,-2.579200000000000159e+01
2.424000000000000000e+09,-2.607999999999999829e+01
2.425000000000000000e+09,-2.595299999999999940e+01
2.426000000000000000e+09,-2.664499999999999957e+01
2.427000000000000000e+09,-2.599299999999999855e+01
2.428000000000000000e+09,-2.635300000000000153e+01
2.429000000000000000e+09,-2.663299999999999912e+01
2.430000000000000000e+09,-2.653399999999999892e+01
2.431000000000000000e+09,-2.707799999999999940e+01
2.432000000000000000e+09,-2.702400000000000091e+01
2.433000000000000000e+09,-2.669999999999999929e+01
2.434000000000000000e+09,-2.669300000000000139e+01
2.435000000000000000e+09,-2.653000000000000114e+01
2.436000000000000000e+09,-2.727400000000000091e+01
2.437000000000000000e+09,-2.690399999999999991e+01
2.438000000000000000e+09,-2.692200000000000060e+01
2.439000000000000000e+09,-2.669300000000000139e+01
2.440000000000000000e+09,-2.665299999999999869e+01
2.441000000000000000e+09,-2.726500000000000057e+01
2.442000000000000000e+09,-2.672400000000000020e+01
2.443000000000000000e+09,-2.676800000000000068e+01
2.444000000000000000e+09,-2.655699999999999861e+01
2.445000000000000000e+09,-2.642000000000000171e+01
2.446000000000000000e+09,-2.664199999999999946e+01
2.447000000000000000e+09,-2.616000000000000014e+01
2.448000000000000000e+09,-2.635200000000000031e+01
2.449000000000000000e+09,-2.623000000000000043e+01
2.450000000000000000e+09,-2.687800000000000011e+01
2.451000000000000000e+09,-2.640399999999999991e+01
2.452000000000000000e+09,-2.604899999999999949e+01
2.453000000000000000e+09,-2.562900000000000134e+01
2.454000000000000000e+09,-2.544699999999999918e+01
2.455000000000000000e+09,-2.525799999999999912e+01
2.456000000000000000e+09,-2.611100000000000065e+01
2.457000000000000000e+09,-2.551599999999999824e+01
2.458000000000000000e+09,-2.556200000000000117e+01
2.459000000000000000e+09,-2.517899999999999849e+01
2.460000000000000000e+09,-2.558500000000000085e+01
2.461000000000000000e+09,-2.586799999999999855e+01
2.462000000000000000e+09,-2.555900000000000105e+01
2.463000000000000000e+09,-2.540899999999999892e+01
2.464000000000000000e+09,-2.571999999999999886e+01
2.465000000000000000e+09,-2.566600000000000037e+01
2.466000000000000000e+09,-2.604599999999999937e+01
2.467000000000000000e+09,-2.594300000000000139e+01
2.468000000000000000e+09,-2.589399999999999835e+01
2.469000000000000000e+09,-2.584400000000000119e+01
2.470000000000000000e+09,-2.610800000000000054e+01
2.471000000000000000e+09,-2.660099999999999909e+01
2.472000000000000000e+09,-2.646699999999999875e+01
2.473000000000000000e+09,-2.617000000000000171e+01
2.474000000000000000e+09,-2.661299999999999955e+01
2.475000000000000000e+09,-2.641900000000000048e+01
2.476000000000000000e+09,-2.718499999999999872e+01
2.477000000000000000e+09,-2.659799999999999898e+01
2.478000000000000000e+09,-2.660500000000000043e+01
2.479000000000000000e+09,-2.651399999999999935e+01
2.480000000000000000e+09,-2.647599999999999909e+01
2.481000000000000000e+09,-2.735500000000000043e+01
2.482000000000000000e+09,-2.667099999999999937e+01
2.483000000000000000e+09,-2.691600000000000037e+01
2.484000000000000000e+09,-2.672100000000000009e+01
2.485000000000000000e+09,-2.657000000000000028e+01
2.486000000000000000e+09,-2.707000000000000028e+01
2.487000000000000000e+09,-2.651200000000000045e+01
2.488000000000000000e+09,-2.615399999999999991e+01
2.489000000000000000e+09,-2.637000000000000099e+01
2.490000000000000000e+09,-2.597299999999999898e+01
2.491000000000000000e+09,-2.644900000000000162e+01
2.492000000000000000e+09,-2.571600000000000108e+01
2.493000000000000000e+09,-2.590800000000000125e+01
2.494000000000000000e+09,-2.600400000000000134e+01
2.495000000000000000e+09,-2.585200000000000031e+01
2.496000000000000000e+09,-2.608599999999999852e+01
2.497000000000000000e+09,-2.584499999999999886e+01
2.498000000000000000e+09,-2.567899999999999849e+01
2.499000000000000000e+09,-2.575499999999999901e+01
2.500000000000000000e+09,-2.573000000000000043e+01
2.501000000000000000e+09,-2.589300000000000068e+01
2.502000000000000000e+09,-2.566400000000000148e+01
2.503000000000000000e+09,-2.584600000000000009e+01
2.504000000000000000e+09,-2.561599999999999966e+01
2.505000000000000000e+09,-2.581899999999999906e+01
2.506000000000000000e+09,-2.644300000000000139e+01
2.507000000000000000e+09,-2.607600000000000051e+01
2.508000000000000000e+09,-2.595599999999999952e+01
2.509000000000000000e+09,-2.600400000000000134e+01
2.510000000000000000e+09,-2.604799999999999827e+01
2.511000000000000000e+09,-2.689600000000000080e+01
2.512000000000000000e+09,-2.626899999999999835e+01
2.513000000000000000e+09,-2.620400000000000063e+01
2.514000000000000000e+09,-2.678800000000000026e+01
2.515000000000000000e+09,-2.684400000000000119e+01
2.516000000000000000e+09,-2.732600000000000051e+01
2.517000000000000000e+09,-2.677599999999999980e+01
2.518000000000000000e+09,-2.681099999999999994e+01
2.519000000000000000e+09,-2.676500000000000057e+01
2.520000000000000000e+09,-2.676699999999999946e+01
2.521000000000000000e+09,-2.716600000000000037e+01
2.522000000000000000e+09,-2.667399999999999949e+01
2.523000000000000000e+09,-2.687600000000000122e+01
2.524000000000000000e+09,-2.664099999999999824e+01
2.525000000000000000e+09,-2.669699999999999918e+01
2.526000000000000000e+09,-2.691799999999999926e+01
2.527000000000000000e+09,-2.658800000000000097e+01
2.528000000000000000e+09,-2.677799999999999869e+01
2.529000000000000000e+09,-2.634900000000000020e+01
2.530000000000000000e+09,-2.627799999999999869e+01
2.531000000000000000e+09,-2.672400000000000020e+01
2.532000000000000000e+09,-2.627799999999999869e+01
2.533000000000000000e+09,-2.636400000000000077e+01
2.534000000000000000e+09,-2.600499999999999901e+01
2.535000000000000000e+09,-2.577499999999999858e+01
2.536000000000000000e+09,-2.630399999999999849e+01
2.537000000000000000e+09,-2.554899999999999949e+01
2.538000000000000000e+09,-2.544200000000000017e+01
2.539000000000000000e+09,-2.576599999999999824e+01
2.540000000000000000e+09,-2.536899999999999977e+01
2.541000000000000000e+09,-2.565099999999999980e+01
2.542000000000000000e+09,-2.535699999999999932e+01
2.543000000000000000e+09,-2.503800000000000026e+01
2.544000000000000000e+09,-2.542399999999999949e+01
2.545000000000000000e+09,-2.517399999999999949e+01
2.546000000000000000e+09,-2.591600000000000037e+01
2.547000000000000000e+09,-2.525900000000000034e+01
2.548000000000000000e+09,-2.591700000000000159e+01
2.549000000000000000e+09,-2.569600000000000151e+01
2.550000000000000000e+09,-2.594200000000000017e+01
2.551000000000000000e+09,-2.663100000000000023e+01
2.552000000000000000e+09,-2.616100000000000136e+01
2.553000000000000000e+09,-2.624599999999999866e+01
2.554000000000000000e+09,-2.632199999999999918e+01
2.555000000000000000e+09,-2.642500000000000071e+01
2.556000000000000000e+09,-2.696699999999999875e+01
2.557000000000000000e+09,-2.670299999999999940e+01
2.558000000000000000e+09,-2.677700000000000102e+01
2.559000000000000000e+09,-2.657400000000000162e+01
2.560000000000000000e+09,-2.708599999999999852e+01
2.561000000000000000e+09,-2.755600000000000094e+01
2.562000000000000000e+09,-2.711599999999999966e+01
2.563000000000000000e+09,-2.720899999999999963e+01
2.564000000000000000e+09,-2.716000000000000014e+01
2.565000000000000000e+09,-2.730900000000000105e+01
2.566000000000000000e+09,-2.771999999999999886e+01
2.567000000000000000e+09,-2.716100000000000136e+01
2.568000000000000000e+09,-2.693100000000000094e+01
2.569000000000000000e+09,-2.710699999999999932e+01
2.570000000000000000e+09,-2.719500000000000028e+01
2.571000000000000000e+09,-2.782300000000000040e+01
2.572000000000000000e+09,-2.705999999999999872e+01
2.573000000000000000e+09,-2.689099999999999824e+01
2.574000000000000000e+09,-2.666300000000000026e+01
2.575000000000000000e+09,-2.635300000000000153e+01
2.576000000000000000e+09,-2.703699999999999903e+01
2.577000000000000000e+09,-2.607900000000000063e+01
2.578000000000000000e+09,-2.624899999999999878e+01
2.579000000000000000e+09,-2.601200000000000045e+01
2.580000000000000000e+09,-2.588299999999999912e+01
2.581000000000000000e+09,-2.671699999999999875e+01
2.582000000000000000e+09,-2.564699999999999847e+01
2.583000000000000000e+09,-2.591499999999999915e+01
2.584000000000000000e+09,-2.541400000000000148e+01
2.585000000000000000e+09,-2.561100000000000065e+01
2.586000000000000000e+09,-2.568599999999999994e+01
2.587000000000000000e+09,-2.547800000000000153e+01
2.588000000000000000e+09,-2.555999999999999872e+01
2.589000000000000000e+09,-2.563899999999999935e+01
2.590000000000000000e+09,-2.575300000000000011e+01
2.591000000000000000e+09,-2.600799999999999912e+01
2.592000000000000000e+09,-2.552199999999999847e+01
2.593000000000000000e+09,-2.523000000000000043e+01
2.594000000000000000e+09,-2.577299999999999969e+01
2.595000000000000000e+09,-2.587000000000000099e+01
2.596000000000000000e+09,-2.646999999999999886e+01
2.597000000000000000e+09,-2.608500000000000085e+01
2.598000000000000000e+09,-2.639600000000000080e+01
2.599000000000000000e+09,-2.666799999999999926e+01
2.600000000000000000e+09,-2.670400000000000063e+01
2.601000000000000000e+09,-2.731899999999999906e+01
2.602000000000000000e+09,-2.683500000000000085e+01
2.603000000000000000e+09,-2.671399999999999864e+01
2.604000000000000000e+09,-2.720499999999999829e+01
2.605000000000000000e+09,-2.711100000000000065e+01
2.606000000000000000e+09,-2.771499999999999986e+01
2.607000000000000000e+09,-2.723600000000000065e+01
2.608000000000000000e+09,-2.697200000000000131e+01
2.609000000000000000e+09,-2.731200000000000117e+01
2.610000000000000000e+09,-2.744200000000000017e+01
2.611000000000000000e+09,-2.762999999999999901e+01
2.612000000000000000e+09,-2.723300000000000054e+01
2.613000000000000000e+09,-2.728600000000000136e+01
2.614000000000000000e+09,-2.716100000000000136e+01
2.615000000000000000e+09,-2.741499999999999915e+01
2.616000000000000000e+09,-2.782799999999999940e+01
2.617000000000000000e+09,-2.697299999999999898e+01
2.618000000000000000e+09,-2.742899999999999849e+01
2.619000000000000000e+09,-2.694699999999999918e+01
2.620000000000000000e+09,-2.683800000000000097e+01
2.621000000000000000e+09,-2.769699999999999918e+01
2.622000000000000000e+09,-2.669300000000000139e+01
2.623000000000000000e+09,-2.657999999999999829e+01
2.624000000000000000e+09,-2.665399999999999991e+01
2.625000000000000000e+09,-2.650100000000000122e+01
2.626000000000000000e+09,-2.707999999999999829e+01
2.627000000000000000e+09,-2.646300000000000097e+01
2.628000000000000000e+09,-2.638700000000000045e+01
2.629000000000000000e+09,-2.648000000000000043e+01
2.630000000000000000e+09,-2.634400000000000119e+01
2.631000000000000000e+09,-2.646300000000000097e+01
2.632000000000000000e+09,-2.625300000000000011e+01
2.633000000000000000e+09,-2.608399999999999963e+01
2.634000000000000000e+09,-2.625499999999999901e+01
2.635000000000000000e+09,-2.623400000000000176e+01
2.636000000000000000e+09,-2.668499999999999872e+01
2.637000000000000000e+09,-2.607400000000000162e+01
2.638000000000000000e+09,-2.627400000000000091e+01
2.639000000000000000e+09,-2.629200000000000159e+01
2.640000000000000000e+09,-2.667099999999999937e+01
2.641000000000000000e+09,-2.716199999999999903e+01
2.642000000000000000e+09,-2.660699999999999932e+01
2.643000000000000000e+09,-2.648699999999999832e+01
2.644000000000000000e+09,-2.642699999999999960e+01
2.645000000000000000e+09,-2.669900000000000162e+01
2.646000000000000000e+09,-2.686599999999999966e+01
2.647000000000000000e+09,-2.675100000000000122e+01
2.648000000000000000e+09,-2.706500000000000128e+01
2.649000000000000000e+09,-2.685699999999999932e+01
2.650000000000000000e+09,-2.848400000000000176e+01
2.651000000000000000e+09,-2.750700000000000145e+01
2.652000000000000000e+09,-2.682100000000000151e+01
2.653000000000000000e+09,-2.692999999999999972e+01
2.654000000000000000e+09,-2.696799999999999997e+01
2.655000000000000000e+09,-2.702899999999999991e+01
2.656000000000000000e+09,-2.785000000000000142e+01
2.657000000000000000e+09,-2.712399999999999878e+01
2.658000000000000000e+09,-2.700000000000000000e+01
2.659000000000000000e+09,-2.712199999999999989e+01
2.660000000000000000e+09,-2.697299999999999898e+01
2.661000000000000000e+09,-2.724800000000000111e+01
2.662000000000000000e+09,-2.678500000000000014e+01
2.663000000000000000e+09,-2.656099999999999994e+01
2.664000000000000000e+09,-2.679899999999999949e+01
2.665000000000000000e+09,-2.706200000000000117e+01
2.666000000000000000e+09,-2.721499999999999986e+01
2.667000000000000000e+09,-2.673699999999999832e+01
2.668000000000000000e+09,-2.647899999999999920e+01
2.669000000000000000e+09,-2.660900000000000176e+01
2.670000000000000000e+09,-2.665099999999999980e+01
2.671000000000000000e+09,-2.719699999999999918e+01
2.672000000000000000e+09,-2.658200000000000074e+01
2.673000000000000000e+09,-2.660000000000000142e+01
2.674000000000000000e+09,-2.676399999999999935e+01
2.675000000000000000e+09,-2.650600000000000023e+01
2.676000000000000000e+09,-2.721600000000000108e+01
2.677000000000000000e+09,-2.667000000000000171e+01
2.678000000000000000e+09,-2.687300000000000111e+01
2.679000000000000000e+09,-2.678000000000000114e+01
2.680000000000000000e+09,-2.694099999999999895e+01
2.681000000000000000e+09,-2.695299999999999940e+01
2.682000000000000000e+09,-2.686199999999999832e+01
2.683000000000000000e+09,-2.713700000000000045e+01
2.684000000000000000e+09,-2.709700000000000131e+01
2.685000000000000000e+09,-2.688299999999999912e+01
2.686000000000000000e+09,-2.717299999999999827e+01
2.687000000000000000e+09,-2.714099999999999824e+01
2.688000000000000000e+09,-2.693400000000000105e+01
2.689000000000000000e+09,-2.723000000000000043e+01
2.690000000000000000e+09,-2.731299999999999883e+01
2.691000000000000000e+09,-2.774599999999999866e+01
2.692000000000000000e+09,-2.717000000000000171e+01
2.693000000000000000e+09,-2.736499999999999844e+01
2.694000000000000000e+09,-2.702799999999999869e+01
2.695000000000000000e+09,-2.725000000000000000e+01
2.696000000000000000e+09,-2.804200000000000159e+01
2.697000000000000000e+09,-2.712999999999999901e+01
2.698000000000000000e+09,-2.714099999999999824e+01
2.699000000000000000e+09,-2.712500000000000000e+01
2.700000000000000000e+09,-2.685399999999999920e+01
2.701000000000000000e+09,-2.713599999999999923e+01
2.702000000000000000e+09,-2.692299999999999827e+01
2.703000000000000000e+09,-2.686199999999999832e+01
2.704000000000000000e+09,-2.681700000000000017e+01
2.705000000000000000e+09,-2.665200000000000102e+01
2.706000000000000000e+09,-2.720599999999999952e+01
2.707000000000000000e+09,-2.685699999999999932e+01
2.708000000000000000e+09,-2.650300000000000011e+01
2.709000000000000000e+09,-2.615299999999999869e+01
2.710000000000000000e+09,-2.642500000000000071e+01
2.711000000000000000e+09,-2.683200000000000074e+01
2.712000000000000000e+09,-2.657700000000000173e+01
2.713000000000000000e+09,-2.656400000000000006e+01
2.714000000000000000e+09,-2.657100000000000151e+01
2.715000000000000000e+09,-2.662300000000000111e+01
2.716000000000000000e+09,-2.682199999999999918e+01
2.717000000000000000e+09,-2.651300000000000168e+01
2.718000000000000000e+09,-2.657600000000000051e+01
2.719000000000000000e+09,-2.651300000000000168e+01
2.720000000000000000e+09,-2.665500000000000114e+01
2.721000000000000000e+09,-2.719300000000000139e+01
2.722000000000000000e+09,-2.670499999999999829e+01
2.723000000000000000e+09,-2.692099999999999937e+01
2.724000000000000000e+09,-2.679899999999999949e+01
2.725000000000000000e+09,-2.687300000000000111e+01
2.726000000000000000e+09,-2.761400000000000077e+01
2.727000000000000000e+09,-2.705799999999999983e+01
2.728000000000000000e+09,-2.719300000000000139e+01
2.729000000000000000e+09,-2.687099999999999866e+01
2.730000000000000000e+09,-2.732999999999999829e+01
2.731000000000000000e+09,-2.796799999999999997e+01
2.732000000000000000e+09,-2.735000000000000142e+01
2.733000000000000000e+09,-2.738899999999999935e+01
2.734000000000000000e+09,-2.734199999999999875e+01
2.735000000000000000e+09,-2.732199999999999918e+01
2.736000000000000000e+09,-2.805699999999999861e+01
2.737000000000000000e+09,-2.736299999999999955e+01
2.738000000000000000e+09,-2.746399999999999864e+01
2.739000000000000000e+09,-2.734100000000000108e+01
2.740000000000000000e+09,-2.717699999999999960e+01
2.741000000000000000e+09,-2.757700000000000173e+01
2.742000000000000000e+09,-2.754200000000000159e+01
2.743000000000000000e+09,-2.734799999999999898e+01
2.744000000000000000e+09,-2.728800000000000026e+01
2.745000000000000000e+09,-2.679599999999999937e+01
2.746000000000000000e+09,-2.723799999999999955e+01
2.747000000000000000e+09,-2.692000000000000171e+01
2.748000000000000000e+09,-2.701800000000000068e+01
2.749000000000000000e+09,-2.687500000000000000e+01
2.750000000000000000e+09,-2.700199999999999889e+01
2.751000000000000000e+09,-2.711499999999999844e+01
2.752000000000000000e+09,-2.659700000000000131e+01
2.753000000000000000e+09,-2.633699999999999974e+01
2.754000000000000000e+09,-2.663299999999999912e+01
2.755000000000000000e+09,-2.682900000000000063e+01
2.756000000000000000e+09,-2.682499999999999929e+01
2.757000000000000000e+09,-2.635300000000000153e+01
2.758000000000000000e+09,-2.656700000000000017e+01
2.759000000000000000e+09,-2.647100000000000009e+01
2.760000000000000000e+09,-2.659199999999999875e+01
2.761000000000000000e+09,-2.718700000000000117e+01
2.762000000000000000e+09,-2.638200000000000145e+01
2.763000000000000000e+09,-2.641900000000000048e+01
2.764000000000000000e+09,-2.673999999999999844e+01
2.765000000000000000e+09,-2.684100000000000108e+01
2.766000000000000000e+09,-2.748799999999999955e+01
2.767000000000000000e+09,-2.667099999999999937e+01
2.768000000000000000e+09,-2.706099999999999994e+01
2.769000000000000000e+09,-2.676800000000000068e+01
2.770000000000000000e+09,-2.709499999999999886e+01
2.771000000000000000e+09,-2.695200000000000173e+01
2.772000000000000000e+09,-2.697299999999999898e+01
2.773000000000000000e+09,-2.723499999999999943e+01
2.774000000000000000e+09,-2.740399999999999991e+01
2.775000000000000000e+09,-2.719699999999999918e+01
2.776000000000000000e+09,-2.741900000000000048e+01
2.777000000000000000e+09,-2.736799999999999855e+01
2.778000000000000000e+09,-2.706800000000000139e+01
2.779000000000000000e+09,-2.721099999999999852e+01
2.780000000000000000e+09,-2.691300000000000026e+01
2.781000000000000000e+09,-2.735800000000000054e+01
2.782000000000000000e+09,-2.758399999999999963e+01
2.783000000000000000e+09,-2.723199999999999932e+01
2.784000000000000000e+09,-2.729299999999999926e+01
2.785000000000000000e+09,-2.710500000000000043e+01
2.786000000000000000e+09,-2.761700000000000088e+01
2.787000000000000000e+09,-2.720200000000000173e+01
2.788000000000000000e+09,-2.733899999999999864e+01
2.789000000000000000e+09,-2.677599999999999980e+01
2.790000000000000000e+09,-2.723900000000000077e+01
2.791000000000000000e+09,-2.733399999999999963e+01
2.792000000000000000e+09,-2.666100000000000136e+01
2.793000000000000000e+09,-2.651899999999999835e+01
2.794000000000000000e+09,-2.656099999999999994e+01
2.795000000000000000e+09,-2.695400000000000063e+01
2.796000000000000000e+09,-2.744300000000000139e+01
2.797000000000000000e+09,-2.684400000000000119e+01
2.798000000000000000e+09,-2.664600000000000080e+01
2.799000000000000000e+09,-2.652799999999999869e+01
2.800000000000000000e+09,-2.637099999999999866e+01
2.801000000000000000e+09,-2.705499999999999972e+01
2.802000000000000000e+09,-2.652499999999999858e+01
2.803000000000000000e+09,-2.650600000000000023e+01
2.804000000000000000e+09,-2.673999999999999844e+01
2.805000000000000000e+09,-2.659299999999999997e+01
2.806000000000000000e+09,-2.742399999999999949e+01
2.807000000000000000e+09,-2.661400000000000077e+01
2.808000000000000000e+09,-2.654700000000000060e+01
2.809000000000000000e+09,-2.669800000000000040e+01
2.810000000000000000e+09,-2.667000000000000171e+01
2.811000000000000000e+09,-2.769200000000000017e+01
2.812000000000000000e+09,-2.700499999999999901e+01
2.813000000000000000e+09,-2.729599999999999937e+01
2.814000000000000000e+09,-2.666600000000000037e+01
2.815000000000000000e+09,-2.669699999999999918e+01
2.816000000000000000e+09,-2.717999999999999972e+01
2.817000000000000000e+09,-2.744600000000000151e+01
2.818000000000000000e+09,-2.699099999999999966e+01
2.819000000000000000e+09,-2.710800000000000054e+01
2.820000000000000000e+09,-2.716799999999999926e+01
2.821000000000000000e+09,-2.747299999999999898e+01
2.822000000000000000e+09,-2.748499999999999943e+01
2.823000000000000000e+09,-2.748300000000000054e+01
2.824000000000000000e+09,-2.721499999999999986e+01
2.825000000000000000e+09,-2.732799999999999940e+01
2.826000000000000000e+09,-2.804400000000000048e+01
2.827000000000000000e+09,-2.711299999999999955e+01
2.828000000000000000e+09,-2.742099999999999937e+01
2.829000000000000000e+09,-2.749800000000000111e+01
2.830000000000000000e+09,-2.708399999999999963e+01
2.831000000000000000e+09,-2.750300000000000011e+01
2.832000000000000000e+09,-2.714499999999999957e+01
2.833000000000000000e+09,-2.717500000000000071e+01
2.834000000000000000e+09,-2.675900000000000034e+01
2.835000000000000000e+09,-2.679700000000000060e+01
2.836000000000000000e+09,-2.701800000000000068e+01
2.837000000000000000e+09,-2.670700000000000074e+01
2.838000000000000000e+09,-2.686499999999999844e+01
2.839000000000000000e+09,-2.674299999999999855e+01
2.840000000000000000e+09,-2.640299999999999869e+01
2.841000000000000000e+09,-2.730199999999999960e+01
2.842000000000000000e+09,-2.684299999999999997e+01
2.843000000000000000e+09,-2.689199999999999946e+01
2.844000000000000000e+09,-2.641600000000000037e+01
2.845000000000000000e+09,-2.654799999999999827e+01
2.846000000000000000e+09,-2.723699999999999832e+01
2.847000000000000000e+09,-2.650900000000000034e+01
2.848000000000000000e+09,-2.674899999999999878e+01
2.849000000000000000e+09,-2.662900000000000134e+01
2.850000000000000000e+09,-2.658699999999999974e+01
2.851000000000000000e+09,-2.701899999999999835e+01
2.852000000000000000e+09,-2.695100000000000051e+01
2.853000000000000000e+09,-2.685600000000000165e+01
2.854000000000000000e+09,-2.678800000000000026e+01
2.855000000000000000e+09,-2.681599999999999895e+01
2.856000000000000000e+09,-2.729299999999999926e+01
2.857000000000000000e+09,-2.710099999999999909e+01
2.858000000000000000e+09,-2.742099999999999937e+01
2.859000000000000000e+09,-2.705099999999999838e+01
2.860000000000000000e+09,-2.686400000000000077e+01
2.861000000000000000e+09,-2.796099999999999852e+01
2.862000000000000000e+09,-2.728399999999999892e+01
2.863000000000000000e+09,-2.742299999999999827e+01
2.864000000000000000e+09,-2.747299999999999898e+01
2.865000000000000000e+09,-2.727499999999999858e+01
2.866000000000000000e+09,-2.756500000000000128e+01
2.867000000000000000e+09,-2.750199999999999889e+01
2.868000000000000000e+09,-2.775900000000000034e+01
2.869000000000000000e+09,-2.738400000000000034e+01
2.870000000000000000e+09,-2.755099999999999838e+01
2.871000000000000000e+09,-2.773900000000000077e+01
2.872000000000000000e+09,-2.733599999999999852e+01
2.873000000000000000e+09,-2.699399999999999977e+01
2.874000000000000000e+09,-2.682799999999999940e+01
2.875000000000000000e+09,-2.734400000000000119e+01
2.876000000000000000e+09,-2.806599999999999895e+01
2.877000000000000000e+09,-2.705999999999999872e+01
2.878000000000000000e+09,-2.703800000000000026e+01
2.879000000000000000e+09,-2.698100000000000165e+01
2.880000000000000000e+09,-2.730000000000000071e+01
2.881000000000000000e+09,-2.716400000000000148e+01
2.882000000000000000e+09,-2.663500000000000156e+01
2.883000000000000000e+09,-2.683999999999999986e+01
2.884000000000000000e+09,-2.677199999999999847e+01
2.885000000000000000e+09,-2.620899999999999963e+01
2.886000000000000000e+09,-2.702599999999999980e+01
2.887000000000000000e+09,-2.676599999999999824e+01
2.888000000000000000e+09,-2.689099999999999824e+01
2.889000000000000000e+09,-2.678600000000000136e+01
2.890000000000000000e+09,-2.673100000000000165e+01
2.891000000000000000e+09,-2.698900000000000077e+01
2.892000000000000000e+09,-2.644000000000000128e+01
2.893000000000000000e+09,-2.679700000000000060e+01
2.894000000000000000e+09,-2.660399999999999920e+01
2.895000000000000000e+09,-2.687999999999999901e+01
2.896000000000000000e+09,-2.703399999999999892e+01
2.897000000000000000e+09,-2.683299999999999841e+01
2.898000000000000000e+09,-2.657700000000000173e+01
2.899000000000000000e+09,-2.688700000000000045e+01
2.900000000000000000e+09,-2.695799999999999841e+01
2.901000000000000000e+09,-2.749500000000000099e+01
2.902000000000000000e+09,-2.727700000000000102e+01
2.903000000000000000e+09,-2.729400000000000048e+01
2.904000000000000000e+09,-2.733999999999999986e+01
2.905000000000000000e+09,-2.750100000000000122e+01
2.906000000000000000e+09,-2.769000000000000128e+01
2.907000000000000000e+09,-2.740200000000000102e+01
2.908000000000000000e+09,-2.757900000000000063e+01
2.909000000000000000e+09,-2.745499999999999829e+01
2.910000000000000000e+09,-2.721900000000000119e+01
2.911000000000000000e+09,-2.775700000000000145e+01
2.912000000000000000e+09,-2.782900000000000063e+01
2.913000000000000000e+09,-2.748499999999999943e+01
2.914000000000000000e+09,-2.754500000000000171e+01
2.915000000000000000e+09,-2.767899999999999849e+01
2.916000000000000000e+09,-2.807999999999999829e+01
2.917000000000000000e+09,-2.723300000000000054e+01
2.918000000000000000e+09,-2.729299999999999926e+01
2.919000000000000000e+09,-2.775199999999999889e+01
2.920000000000000000e+09,-2.751899999999999835e+01
2.921000000000000000e+09,-2.782400000000000162e+01
2.922000000000000000e+09,-2.709199999999999875e+01
2.923000000000000000e+09,-2.704400000000000048e+01
2.924000000000000000e+09,-2.706899999999999906e+01
2.925000000000000000e+09,-2.697200000000000131e+01
2.926000000000000000e+09,-2.814399999999999835e+01
2.927000000000000000e+09,-2.696199999999999974e+01
2.928000000000000000e+09,-2.721399999999999864e+01
2.929000000000000000e+09,-2.727199999999999847e+01
2.930000000000000000e+09,-2.730399999999999849e+01
2.931000000000000000e+09,-2.777100000000000080e+01
2.932000000000000000e+09,-2.728900000000000148e+01
2.933000000000000000e+09,-2.708399999999999963e+01
2.934000000000000000e+09,-2.690299999999999869e+01
2.935000000000000000e+09,-2.706899999999999906e+01
2.936000000000000000e+09,-2.742200000000000060e+01
2.937000000000000000e+09,-2.660099999999999909e+01
2.938000000000000000e+09,-2.700700000000000145e+01
2.939000000000000000e+09,-2.670799999999999841e+01
2.940000000000000000e+09,-2.689300000000000068e+01
2.941000000000000000e+09,-2.708299999999999841e+01
2.942000000000000000e+09,-2.696699999999999875e+01
2.943000000000000000e+09,-2.706200000000000117e+01
2.944000000000000000e+09,-2.716799999999999926e+01
2.945000000000000000e+09,-2.699899999999999878e+01
2.946000000000000000e+09,-2.791300000000000026e+01
2.947000000000000000e+09,-2.731200000000000117e+01
2.948000000000000000e+09,-2.708899999999999864e+01
2.949000000000000000e+09,-2.736700000000000088e+01
2.950000000000000000e+09,-2.649599999999999866e+01
2.951000000000000000e+09,-2.792899999999999849e+01
2.952000000000000000e+09,-2.718199999999999861e+01
2.953000000000000000e+09,-2.719800000000000040e+01
2.954000000000000000e+09,-2.771499999999999986e+01
2.955000000000000000e+09,-2.736700000000000088e+01
2.956000000000000000e+09,-2.797599999999999909e+01
2.957000000000000000e+09,-2.745499999999999829e+01
2.958000000000000000e+09,-2.739499999999999957e+01
2.959000000000000000e+09,-2.762099999999999866e+01
2.960000000000000000e+09,-2.715500000000000114e+01
2.961000000000000000e+09,-2.812099999999999866e+01
2.962000000000000000e+09,-2.771099999999999852e+01
2.963000000000000000e+09,-2.794699999999999918e+01
2.964000000000000000e+09,-2.734700000000000131e+01
2.965000000000000000e+09,-2.720899999999999963e+01
2.966000000000000000e+09,-2.832100000000000151e+01
2.967000000000000000e+09,-2.724899999999999878e+01
2.968000000000000000e+09,-2.760300000000000153e+01
2.969000000000000000e+09,-2.756500000000000128e+01
2.970000000000000000e+09,-2.753200000000000003e+01
2.971000000000000000e+09,-2.806500000000000128e+01
2.972000000000000000e+09,-2.720499999999999829e+01
2.973000000000000000e+09,-2.735900000000000176e+01
2.974000000000000000e+09,-2.724200000000000088e+01
2.975000000000000000e+09,-2.746199999999999974e+01
2.976000000000000000e+09,-2.759299999999999997e+01
2.977000000000000000e+09,-2.692299999999999827e+01
2.978000000000000000e+09,-2.706099999999999994e+01
2.979000000000000000e+09,-2.757600000000000051e+01
2.980000000000000000e+09,-2.718199999999999861e+01
2.981000000000000000e+09,-2.804700000000000060e+01
2.982000000000000000e+09,-2.751800000000000068e+01
2.983000000000000000e+09,-2.768299999999999983e+01
2.984000000000000000e+09,-2.735699999999999932e+01
2.985000000000000000e+09,-2.715800000000000125e+01
2.986000000000000000e+09,-2.796799999999999997e+01
2.987000000000000000e+09,-2.768700000000000117e+01
2.988000000000000000e+09,-2.778099999999999881e+01
2.989000000000000000e+09,-2.758500000000000085e+01
2.990000000000000000e+09,-2.739999999999999858e+01
2.991000000000000000e+09,-2.835600000000000165e+01
2.992000000000000000e+09,-2.748100000000000165e+01
2.993000000000000000e+09,-2.764300000000000068e+01
2.994000000000000000e+09,-2.805900000000000105e+01
2.995000000000000000e+09,-2.764799999999999969e+01
2.996000000000000000e+09,-2.753699999999999903e+01
2.997000000000000000e+09,-2.758999999999999986e+01
2.998000000000000000e+09,-2.754500000000000171e+01
2.999000000000000000e+09,-2.803900000000000148e+01
3.000000000000000000e+09,-2.771099999999999852e+01
